sample_id,clock_id,variant,score,unit,implementation,repo_url,commit,r_version,pkg_version,clock_function,imputation
7471147034_R03C01,Horvath1,original,55.14616173,years,methylCIPHER,https://github.com/HigginsChenLab/methylCIPHER,9e8c1e55f53c3fdeaf32a38cc8ef109be8b2a8c8,4.6.1,0.2.0,calcHorvath1,mean (methylCIPHER default: PC clocks mean-impute missing clock CpGs)
7471147069_R02C02,Horvath1,original,43.89549159,years,methylCIPHER,https://github.com/HigginsChenLab/methylCIPHER,9e8c1e55f53c3fdeaf32a38cc8ef109be8b2a8c8,4.6.1,0.2.0,calcHorvath1,mean (methylCIPHER default: PC clocks mean-impute missing clock CpGs)
7471147072_R01C02,Horvath1,original,54.79942228,years,methylCIPHER,https://github.com/HigginsChenLab/methylCIPHER,9e8c1e55f53c3fdeaf32a38cc8ef109be8b2a8c8,4.6.1,0.2.0,calcHorvath1,mean (methylCIPHER default: PC clocks mean-impute missing clock CpGs)
7471147089_R06C01,Horvath1,original,51.71626416,years,methylCIPHER,https://github.com/HigginsChenLab/methylCIPHER,9e8c1e55f53c3fdeaf32a38cc8ef109be8b2a8c8,4.6.1,0.2.0,calcHorvath1,mean (methylCIPHER default: PC clocks mean-impute missing clock CpGs)
7471147107_R05C02,Horvath1,original,63.77800177,years,methylCIPHER,https://github.com/HigginsChenLab/methylCIPHER,9e8c1e55f53c3fdeaf32a38cc8ef109be8b2a8c8,4.6.1,0.2.0,calcHorvath1,mean (methylCIPHER default: PC clocks mean-impute missing clock CpGs)
7471147134_R02C01,Horvath1,original,38.37206093,years,methylCIPHER,https://github.com/HigginsChenLab/methylCIPHER,9e8c1e55f53c3fdeaf32a38cc8ef109be8b2a8c8,4.6.1,0.2.0,calcHorvath1,mean (methylCIPHER default: PC clocks mean-impute missing clock CpGs)
7471147145_R06C01,Horvath1,original,54.7314871,years,methylCIPHER,https://github.com/HigginsChenLab/methylCIPHER,9e8c1e55f53c3fdeaf32a38cc8ef109be8b2a8c8,4.6.1,0.2.0,calcHorvath1,mean (methylCIPHER default: PC clocks mean-impute missing clock CpGs)
7471147149_R06C01,Horvath1,original,48.24172506,years,methylCIPHER,https://github.com/HigginsChenLab/methylCIPHER,9e8c1e55f53c3fdeaf32a38cc8ef109be8b2a8c8,4.6.1,0.2.0,calcHorvath1,mean (methylCIPHER default: PC clocks mean-impute missing clock CpGs)
7507875153_R03C02,Horvath1,original,62.93347924,years,methylCIPHER,https://github.com/HigginsChenLab/methylCIPHER,9e8c1e55f53c3fdeaf32a38cc8ef109be8b2a8c8,4.6.1,0.2.0,calcHorvath1,mean (methylCIPHER default: PC clocks mean-impute missing clock CpGs)
7507875154_R05C01,Horvath1,original,50.59711597,years,methylCIPHER,https://github.com/HigginsChenLab/methylCIPHER,9e8c1e55f53c3fdeaf32a38cc8ef109be8b2a8c8,4.6.1,0.2.0,calcHorvath1,mean (methylCIPHER default: PC clocks mean-impute missing clock CpGs)
7512560087_R03C01,Horvath1,original,60.66562323,years,methylCIPHER,https://github.com/HigginsChenLab/methylCIPHER,9e8c1e55f53c3fdeaf32a38cc8ef109be8b2a8c8,4.6.1,0.2.0,calcHorvath1,mean (methylCIPHER default: PC clocks mean-impute missing clock CpGs)
7786915023_R02C02,Horvath1,original,56.20543641,years,methylCIPHER,https://github.com/HigginsChenLab/methylCIPHER,9e8c1e55f53c3fdeaf32a38cc8ef109be8b2a8c8,4.6.1,0.2.0,calcHorvath1,mean (methylCIPHER default: PC clocks mean-impute missing clock CpGs)
7786915052_R01C01,Horvath1,original,52.70901267,years,methylCIPHER,https://github.com/HigginsChenLab/methylCIPHER,9e8c1e55f53c3fdeaf32a38cc8ef109be8b2a8c8,4.6.1,0.2.0,calcHorvath1,mean (methylCIPHER default: PC clocks mean-impute missing clock CpGs)
7786915105_R02C01,Horvath1,original,60.80018034,years,methylCIPHER,https://github.com/HigginsChenLab/methylCIPHER,9e8c1e55f53c3fdeaf32a38cc8ef109be8b2a8c8,4.6.1,0.2.0,calcHorvath1,mean (methylCIPHER default: PC clocks mean-impute missing clock CpGs)
7786915135_R04C02,Horvath1,original,47.45753776,years,methylCIPHER,https://github.com/HigginsChenLab/methylCIPHER,9e8c1e55f53c3fdeaf32a38cc8ef109be8b2a8c8,4.6.1,0.2.0,calcHorvath1,mean (methylCIPHER default: PC clocks mean-impute missing clock CpGs)
7786915153_R05C01,Horvath1,original,67.52195296,years,methylCIPHER,https://github.com/HigginsChenLab/methylCIPHER,9e8c1e55f53c3fdeaf32a38cc8ef109be8b2a8c8,4.6.1,0.2.0,calcHorvath1,mean (methylCIPHER default: PC clocks mean-impute missing clock CpGs)
7786923001_R06C01,Horvath1,original,48.00806932,years,methylCIPHER,https://github.com/HigginsChenLab/methylCIPHER,9e8c1e55f53c3fdeaf32a38cc8ef109be8b2a8c8,4.6.1,0.2.0,calcHorvath1,mean (methylCIPHER default: PC clocks mean-impute missing clock CpGs)
7786923023_R02C01,Horvath1,original,60.16524671,years,methylCIPHER,https://github.com/HigginsChenLab/methylCIPHER,9e8c1e55f53c3fdeaf32a38cc8ef109be8b2a8c8,4.6.1,0.2.0,calcHorvath1,mean (methylCIPHER default: PC clocks mean-impute missing clock CpGs)
7786923028_R03C01,Horvath1,original,47.1693165,years,methylCIPHER,https://github.com/HigginsChenLab/methylCIPHER,9e8c1e55f53c3fdeaf32a38cc8ef109be8b2a8c8,4.6.1,0.2.0,calcHorvath1,mean (methylCIPHER default: PC clocks mean-impute missing clock CpGs)
7786923028_R05C02,Horvath1,original,49.7348914,years,methylCIPHER,https://github.com/HigginsChenLab/methylCIPHER,9e8c1e55f53c3fdeaf32a38cc8ef109be8b2a8c8,4.6.1,0.2.0,calcHorvath1,mean (methylCIPHER default: PC clocks mean-impute missing clock CpGs)
7786923038_R03C02,Horvath1,original,43.52141576,years,methylCIPHER,https://github.com/HigginsChenLab/methylCIPHER,9e8c1e55f53c3fdeaf32a38cc8ef109be8b2a8c8,4.6.1,0.2.0,calcHorvath1,mean (methylCIPHER default: PC clocks mean-impute missing clock CpGs)
7786923050_R03C01,Horvath1,original,42.17825212,years,methylCIPHER,https://github.com/HigginsChenLab/methylCIPHER,9e8c1e55f53c3fdeaf32a38cc8ef109be8b2a8c8,4.6.1,0.2.0,calcHorvath1,mean (methylCIPHER default: PC clocks mean-impute missing clock CpGs)
7786923066_R01C01,Horvath1,original,40.91540763,years,methylCIPHER,https://github.com/HigginsChenLab/methylCIPHER,9e8c1e55f53c3fdeaf32a38cc8ef109be8b2a8c8,4.6.1,0.2.0,calcHorvath1,mean (methylCIPHER default: PC clocks mean-impute missing clock CpGs)
7786923067_R06C01,Horvath1,original,62.54536714,years,methylCIPHER,https://github.com/HigginsChenLab/methylCIPHER,9e8c1e55f53c3fdeaf32a38cc8ef109be8b2a8c8,4.6.1,0.2.0,calcHorvath1,mean (methylCIPHER default: PC clocks mean-impute missing clock CpGs)
7796814020_R04C02,Horvath1,original,65.30480814,years,methylCIPHER,https://github.com/HigginsChenLab/methylCIPHER,9e8c1e55f53c3fdeaf32a38cc8ef109be8b2a8c8,4.6.1,0.2.0,calcHorvath1,mean (methylCIPHER default: PC clocks mean-impute missing clock CpGs)
7512560138_R04C01,Horvath1,original,39.02893741,years,methylCIPHER,https://github.com/HigginsChenLab/methylCIPHER,9e8c1e55f53c3fdeaf32a38cc8ef109be8b2a8c8,4.6.1,0.2.0,calcHorvath1,mean (methylCIPHER default: PC clocks mean-impute missing clock CpGs)
7512560138_R05C01,Horvath1,original,56.24309995,years,methylCIPHER,https://github.com/HigginsChenLab/methylCIPHER,9e8c1e55f53c3fdeaf32a38cc8ef109be8b2a8c8,4.6.1,0.2.0,calcHorvath1,mean (methylCIPHER default: PC clocks mean-impute missing clock CpGs)
7512560138_R06C01,Horvath1,original,64.2514261,years,methylCIPHER,https://github.com/HigginsChenLab/methylCIPHER,9e8c1e55f53c3fdeaf32a38cc8ef109be8b2a8c8,4.6.1,0.2.0,calcHorvath1,mean (methylCIPHER default: PC clocks mean-impute missing clock CpGs)
7786915116_R06C02,Horvath1,original,48.36211621,years,methylCIPHER,https://github.com/HigginsChenLab/methylCIPHER,9e8c1e55f53c3fdeaf32a38cc8ef109be8b2a8c8,4.6.1,0.2.0,calcHorvath1,mean (methylCIPHER default: PC clocks mean-impute missing clock CpGs)
7471147022_R02C02,Horvath1,original,52.27590139,years,methylCIPHER,https://github.com/HigginsChenLab/methylCIPHER,9e8c1e55f53c3fdeaf32a38cc8ef109be8b2a8c8,4.6.1,0.2.0,calcHorvath1,mean (methylCIPHER default: PC clocks mean-impute missing clock CpGs)
7786915075_R05C01,Horvath1,original,61.2927624,years,methylCIPHER,https://github.com/HigginsChenLab/methylCIPHER,9e8c1e55f53c3fdeaf32a38cc8ef109be8b2a8c8,4.6.1,0.2.0,calcHorvath1,mean (methylCIPHER default: PC clocks mean-impute missing clock CpGs)
7512551008_R01C01,Horvath1,original,45.82425343,years,methylCIPHER,https://github.com/HigginsChenLab/methylCIPHER,9e8c1e55f53c3fdeaf32a38cc8ef109be8b2a8c8,4.6.1,0.2.0,calcHorvath1,mean (methylCIPHER default: PC clocks mean-impute missing clock CpGs)
7512551008_R01C02,Horvath1,original,56.35608246,years,methylCIPHER,https://github.com/HigginsChenLab/methylCIPHER,9e8c1e55f53c3fdeaf32a38cc8ef109be8b2a8c8,4.6.1,0.2.0,calcHorvath1,mean (methylCIPHER default: PC clocks mean-impute missing clock CpGs)
7512551008_R02C01,Horvath1,original,63.67881397,years,methylCIPHER,https://github.com/HigginsChenLab/methylCIPHER,9e8c1e55f53c3fdeaf32a38cc8ef109be8b2a8c8,4.6.1,0.2.0,calcHorvath1,mean (methylCIPHER default: PC clocks mean-impute missing clock CpGs)
7512551008_R02C02,Horvath1,original,58.62514833,years,methylCIPHER,https://github.com/HigginsChenLab/methylCIPHER,9e8c1e55f53c3fdeaf32a38cc8ef109be8b2a8c8,4.6.1,0.2.0,calcHorvath1,mean (methylCIPHER default: PC clocks mean-impute missing clock CpGs)
7512551008_R03C01,Horvath1,original,58.82463689,years,methylCIPHER,https://github.com/HigginsChenLab/methylCIPHER,9e8c1e55f53c3fdeaf32a38cc8ef109be8b2a8c8,4.6.1,0.2.0,calcHorvath1,mean (methylCIPHER default: PC clocks mean-impute missing clock CpGs)
7512551008_R03C02,Horvath1,original,55.5304979,years,methylCIPHER,https://github.com/HigginsChenLab/methylCIPHER,9e8c1e55f53c3fdeaf32a38cc8ef109be8b2a8c8,4.6.1,0.2.0,calcHorvath1,mean (methylCIPHER default: PC clocks mean-impute missing clock CpGs)
7512551008_R04C01,Horvath1,original,45.8188964,years,methylCIPHER,https://github.com/HigginsChenLab/methylCIPHER,9e8c1e55f53c3fdeaf32a38cc8ef109be8b2a8c8,4.6.1,0.2.0,calcHorvath1,mean (methylCIPHER default: PC clocks mean-impute missing clock CpGs)
7512551008_R04C02,Horvath1,original,70.56691769,years,methylCIPHER,https://github.com/HigginsChenLab/methylCIPHER,9e8c1e55f53c3fdeaf32a38cc8ef109be8b2a8c8,4.6.1,0.2.0,calcHorvath1,mean (methylCIPHER default: PC clocks mean-impute missing clock CpGs)
7512551008_R05C01,Horvath1,original,64.31288667,years,methylCIPHER,https://github.com/HigginsChenLab/methylCIPHER,9e8c1e55f53c3fdeaf32a38cc8ef109be8b2a8c8,4.6.1,0.2.0,calcHorvath1,mean (methylCIPHER default: PC clocks mean-impute missing clock CpGs)
7512551008_R06C02,Horvath1,original,53.1861752,years,methylCIPHER,https://github.com/HigginsChenLab/methylCIPHER,9e8c1e55f53c3fdeaf32a38cc8ef109be8b2a8c8,4.6.1,0.2.0,calcHorvath1,mean (methylCIPHER default: PC clocks mean-impute missing clock CpGs)
7512578059_R04C02,Horvath1,original,40.19665534,years,methylCIPHER,https://github.com/HigginsChenLab/methylCIPHER,9e8c1e55f53c3fdeaf32a38cc8ef109be8b2a8c8,4.6.1,0.2.0,calcHorvath1,mean (methylCIPHER default: PC clocks mean-impute missing clock CpGs)
7512578059_R06C02,Horvath1,original,39.27180356,years,methylCIPHER,https://github.com/HigginsChenLab/methylCIPHER,9e8c1e55f53c3fdeaf32a38cc8ef109be8b2a8c8,4.6.1,0.2.0,calcHorvath1,mean (methylCIPHER default: PC clocks mean-impute missing clock CpGs)
7786915157_R01C01,Horvath1,original,66.11740288,years,methylCIPHER,https://github.com/HigginsChenLab/methylCIPHER,9e8c1e55f53c3fdeaf32a38cc8ef109be8b2a8c8,4.6.1,0.2.0,calcHorvath1,mean (methylCIPHER default: PC clocks mean-impute missing clock CpGs)
7786915157_R02C01,Horvath1,original,65.43085347,years,methylCIPHER,https://github.com/HigginsChenLab/methylCIPHER,9e8c1e55f53c3fdeaf32a38cc8ef109be8b2a8c8,4.6.1,0.2.0,calcHorvath1,mean (methylCIPHER default: PC clocks mean-impute missing clock CpGs)
7786915157_R02C02,Horvath1,original,54.40151786,years,methylCIPHER,https://github.com/HigginsChenLab/methylCIPHER,9e8c1e55f53c3fdeaf32a38cc8ef109be8b2a8c8,4.6.1,0.2.0,calcHorvath1,mean (methylCIPHER default: PC clocks mean-impute missing clock CpGs)
7786915157_R03C02,Horvath1,original,46.35420243,years,methylCIPHER,https://github.com/HigginsChenLab/methylCIPHER,9e8c1e55f53c3fdeaf32a38cc8ef109be8b2a8c8,4.6.1,0.2.0,calcHorvath1,mean (methylCIPHER default: PC clocks mean-impute missing clock CpGs)
7471147067_R02C02,Horvath1,original,51.60062777,years,methylCIPHER,https://github.com/HigginsChenLab/methylCIPHER,9e8c1e55f53c3fdeaf32a38cc8ef109be8b2a8c8,4.6.1,0.2.0,calcHorvath1,mean (methylCIPHER default: PC clocks mean-impute missing clock CpGs)
7786915157_R05C01,Horvath1,original,67.08534111,years,methylCIPHER,https://github.com/HigginsChenLab/methylCIPHER,9e8c1e55f53c3fdeaf32a38cc8ef109be8b2a8c8,4.6.1,0.2.0,calcHorvath1,mean (methylCIPHER default: PC clocks mean-impute missing clock CpGs)
7786915157_R05C02,Horvath1,original,53.09193749,years,methylCIPHER,https://github.com/HigginsChenLab/methylCIPHER,9e8c1e55f53c3fdeaf32a38cc8ef109be8b2a8c8,4.6.1,0.2.0,calcHorvath1,mean (methylCIPHER default: PC clocks mean-impute missing clock CpGs)
7786915157_R06C02,Horvath1,original,53.54065239,years,methylCIPHER,https://github.com/HigginsChenLab/methylCIPHER,9e8c1e55f53c3fdeaf32a38cc8ef109be8b2a8c8,4.6.1,0.2.0,calcHorvath1,mean (methylCIPHER default: PC clocks mean-impute missing clock CpGs)
7512560138_R03C01,Horvath1,original,47.83296696,years,methylCIPHER,https://github.com/HigginsChenLab/methylCIPHER,9e8c1e55f53c3fdeaf32a38cc8ef109be8b2a8c8,4.6.1,0.2.0,calcHorvath1,mean (methylCIPHER default: PC clocks mean-impute missing clock CpGs)
7786915048_R04C01,Horvath1,original,65.54970458,years,methylCIPHER,https://github.com/HigginsChenLab/methylCIPHER,9e8c1e55f53c3fdeaf32a38cc8ef109be8b2a8c8,4.6.1,0.2.0,calcHorvath1,mean (methylCIPHER default: PC clocks mean-impute missing clock CpGs)
7786923077_R04C01,Horvath1,original,66.14343373,years,methylCIPHER,https://github.com/HigginsChenLab/methylCIPHER,9e8c1e55f53c3fdeaf32a38cc8ef109be8b2a8c8,4.6.1,0.2.0,calcHorvath1,mean (methylCIPHER default: PC clocks mean-impute missing clock CpGs)
7512560138_R01C01,Horvath1,original,55.88927978,years,methylCIPHER,https://github.com/HigginsChenLab/methylCIPHER,9e8c1e55f53c3fdeaf32a38cc8ef109be8b2a8c8,4.6.1,0.2.0,calcHorvath1,mean (methylCIPHER default: PC clocks mean-impute missing clock CpGs)
7512560138_R02C01,Horvath1,original,51.59660276,years,methylCIPHER,https://github.com/HigginsChenLab/methylCIPHER,9e8c1e55f53c3fdeaf32a38cc8ef109be8b2a8c8,4.6.1,0.2.0,calcHorvath1,mean (methylCIPHER default: PC clocks mean-impute missing clock CpGs)
7786923035_R01C01,Horvath1,original,45.05447546,years,methylCIPHER,https://github.com/HigginsChenLab/methylCIPHER,9e8c1e55f53c3fdeaf32a38cc8ef109be8b2a8c8,4.6.1,0.2.0,calcHorvath1,mean (methylCIPHER default: PC clocks mean-impute missing clock CpGs)
7512578059_R01C02,Horvath1,original,54.60759764,years,methylCIPHER,https://github.com/HigginsChenLab/methylCIPHER,9e8c1e55f53c3fdeaf32a38cc8ef109be8b2a8c8,4.6.1,0.2.0,calcHorvath1,mean (methylCIPHER default: PC clocks mean-impute missing clock CpGs)
7512578059_R02C02,Horvath1,original,48.91508866,years,methylCIPHER,https://github.com/HigginsChenLab/methylCIPHER,9e8c1e55f53c3fdeaf32a38cc8ef109be8b2a8c8,4.6.1,0.2.0,calcHorvath1,mean (methylCIPHER default: PC clocks mean-impute missing clock CpGs)
7512578059_R03C02,Horvath1,original,49.65083896,years,methylCIPHER,https://github.com/HigginsChenLab/methylCIPHER,9e8c1e55f53c3fdeaf32a38cc8ef109be8b2a8c8,4.6.1,0.2.0,calcHorvath1,mean (methylCIPHER default: PC clocks mean-impute missing clock CpGs)
7512578059_R05C02,Horvath1,original,59.46097193,years,methylCIPHER,https://github.com/HigginsChenLab/methylCIPHER,9e8c1e55f53c3fdeaf32a38cc8ef109be8b2a8c8,4.6.1,0.2.0,calcHorvath1,mean (methylCIPHER default: PC clocks mean-impute missing clock CpGs)
7786915157_R01C02,Horvath1,original,51.82422803,years,methylCIPHER,https://github.com/HigginsChenLab/methylCIPHER,9e8c1e55f53c3fdeaf32a38cc8ef109be8b2a8c8,4.6.1,0.2.0,calcHorvath1,mean (methylCIPHER default: PC clocks mean-impute missing clock CpGs)
7786915047_R02C02,Horvath1,original,58.52552683,years,methylCIPHER,https://github.com/HigginsChenLab/methylCIPHER,9e8c1e55f53c3fdeaf32a38cc8ef109be8b2a8c8,4.6.1,0.2.0,calcHorvath1,mean (methylCIPHER default: PC clocks mean-impute missing clock CpGs)
7786915157_R03C01,Horvath1,original,55.25207422,years,methylCIPHER,https://github.com/HigginsChenLab/methylCIPHER,9e8c1e55f53c3fdeaf32a38cc8ef109be8b2a8c8,4.6.1,0.2.0,calcHorvath1,mean (methylCIPHER default: PC clocks mean-impute missing clock CpGs)
7786915157_R04C01,Horvath1,original,42.18361318,years,methylCIPHER,https://github.com/HigginsChenLab/methylCIPHER,9e8c1e55f53c3fdeaf32a38cc8ef109be8b2a8c8,4.6.1,0.2.0,calcHorvath1,mean (methylCIPHER default: PC clocks mean-impute missing clock CpGs)
7786915157_R04C02,Horvath1,original,50.20586978,years,methylCIPHER,https://github.com/HigginsChenLab/methylCIPHER,9e8c1e55f53c3fdeaf32a38cc8ef109be8b2a8c8,4.6.1,0.2.0,calcHorvath1,mean (methylCIPHER default: PC clocks mean-impute missing clock CpGs)
7786915157_R06C01,Horvath1,original,63.17695352,years,methylCIPHER,https://github.com/HigginsChenLab/methylCIPHER,9e8c1e55f53c3fdeaf32a38cc8ef109be8b2a8c8,4.6.1,0.2.0,calcHorvath1,mean (methylCIPHER default: PC clocks mean-impute missing clock CpGs)
7471147081_R06C01,Horvath1,original,47.64363841,years,methylCIPHER,https://github.com/HigginsChenLab/methylCIPHER,9e8c1e55f53c3fdeaf32a38cc8ef109be8b2a8c8,4.6.1,0.2.0,calcHorvath1,mean (methylCIPHER default: PC clocks mean-impute missing clock CpGs)
7786915035_R05C01,Horvath1,original,51.53588539,years,methylCIPHER,https://github.com/HigginsChenLab/methylCIPHER,9e8c1e55f53c3fdeaf32a38cc8ef109be8b2a8c8,4.6.1,0.2.0,calcHorvath1,mean (methylCIPHER default: PC clocks mean-impute missing clock CpGs)
7512551008_R06C01,Horvath1,original,51.81708494,years,methylCIPHER,https://github.com/HigginsChenLab/methylCIPHER,9e8c1e55f53c3fdeaf32a38cc8ef109be8b2a8c8,4.6.1,0.2.0,calcHorvath1,mean (methylCIPHER default: PC clocks mean-impute missing clock CpGs)
7786915069_R03C01,Horvath1,original,67.24681366,years,methylCIPHER,https://github.com/HigginsChenLab/methylCIPHER,9e8c1e55f53c3fdeaf32a38cc8ef109be8b2a8c8,4.6.1,0.2.0,calcHorvath1,mean (methylCIPHER default: PC clocks mean-impute missing clock CpGs)
7512551008_R05C02,Horvath1,original,49.81537052,years,methylCIPHER,https://github.com/HigginsChenLab/methylCIPHER,9e8c1e55f53c3fdeaf32a38cc8ef109be8b2a8c8,4.6.1,0.2.0,calcHorvath1,mean (methylCIPHER default: PC clocks mean-impute missing clock CpGs)
7471147034_R03C01,Hannum,original,58.98664393,years,methylCIPHER,https://github.com/HigginsChenLab/methylCIPHER,9e8c1e55f53c3fdeaf32a38cc8ef109be8b2a8c8,4.6.1,0.2.0,calcHannum,mean (methylCIPHER default: PC clocks mean-impute missing clock CpGs)
7471147069_R02C02,Hannum,original,48.36289652,years,methylCIPHER,https://github.com/HigginsChenLab/methylCIPHER,9e8c1e55f53c3fdeaf32a38cc8ef109be8b2a8c8,4.6.1,0.2.0,calcHannum,mean (methylCIPHER default: PC clocks mean-impute missing clock CpGs)
7471147072_R01C02,Hannum,original,64.31164593,years,methylCIPHER,https://github.com/HigginsChenLab/methylCIPHER,9e8c1e55f53c3fdeaf32a38cc8ef109be8b2a8c8,4.6.1,0.2.0,calcHannum,mean (methylCIPHER default: PC clocks mean-impute missing clock CpGs)
7471147089_R06C01,Hannum,original,64.26547683,years,methylCIPHER,https://github.com/HigginsChenLab/methylCIPHER,9e8c1e55f53c3fdeaf32a38cc8ef109be8b2a8c8,4.6.1,0.2.0,calcHannum,mean (methylCIPHER default: PC clocks mean-impute missing clock CpGs)
7471147107_R05C02,Hannum,original,69.58189919,years,methylCIPHER,https://github.com/HigginsChenLab/methylCIPHER,9e8c1e55f53c3fdeaf32a38cc8ef109be8b2a8c8,4.6.1,0.2.0,calcHannum,mean (methylCIPHER default: PC clocks mean-impute missing clock CpGs)
7471147134_R02C01,Hannum,original,46.03475588,years,methylCIPHER,https://github.com/HigginsChenLab/methylCIPHER,9e8c1e55f53c3fdeaf32a38cc8ef109be8b2a8c8,4.6.1,0.2.0,calcHannum,mean (methylCIPHER default: PC clocks mean-impute missing clock CpGs)
7471147145_R06C01,Hannum,original,55.0576543,years,methylCIPHER,https://github.com/HigginsChenLab/methylCIPHER,9e8c1e55f53c3fdeaf32a38cc8ef109be8b2a8c8,4.6.1,0.2.0,calcHannum,mean (methylCIPHER default: PC clocks mean-impute missing clock CpGs)
7471147149_R06C01,Hannum,original,53.59732412,years,methylCIPHER,https://github.com/HigginsChenLab/methylCIPHER,9e8c1e55f53c3fdeaf32a38cc8ef109be8b2a8c8,4.6.1,0.2.0,calcHannum,mean (methylCIPHER default: PC clocks mean-impute missing clock CpGs)
7507875153_R03C02,Hannum,original,70.86549576,years,methylCIPHER,https://github.com/HigginsChenLab/methylCIPHER,9e8c1e55f53c3fdeaf32a38cc8ef109be8b2a8c8,4.6.1,0.2.0,calcHannum,mean (methylCIPHER default: PC clocks mean-impute missing clock CpGs)
7507875154_R05C01,Hannum,original,58.61931266,years,methylCIPHER,https://github.com/HigginsChenLab/methylCIPHER,9e8c1e55f53c3fdeaf32a38cc8ef109be8b2a8c8,4.6.1,0.2.0,calcHannum,mean (methylCIPHER default: PC clocks mean-impute missing clock CpGs)
7512560087_R03C01,Hannum,original,72.30544182,years,methylCIPHER,https://github.com/HigginsChenLab/methylCIPHER,9e8c1e55f53c3fdeaf32a38cc8ef109be8b2a8c8,4.6.1,0.2.0,calcHannum,mean (methylCIPHER default: PC clocks mean-impute missing clock CpGs)
7786915023_R02C02,Hannum,original,62.33422261,years,methylCIPHER,https://github.com/HigginsChenLab/methylCIPHER,9e8c1e55f53c3fdeaf32a38cc8ef109be8b2a8c8,4.6.1,0.2.0,calcHannum,mean (methylCIPHER default: PC clocks mean-impute missing clock CpGs)
7786915052_R01C01,Hannum,original,63.9768798,years,methylCIPHER,https://github.com/HigginsChenLab/methylCIPHER,9e8c1e55f53c3fdeaf32a38cc8ef109be8b2a8c8,4.6.1,0.2.0,calcHannum,mean (methylCIPHER default: PC clocks mean-impute missing clock CpGs)
7786915105_R02C01,Hannum,original,63.35574434,years,methylCIPHER,https://github.com/HigginsChenLab/methylCIPHER,9e8c1e55f53c3fdeaf32a38cc8ef109be8b2a8c8,4.6.1,0.2.0,calcHannum,mean (methylCIPHER default: PC clocks mean-impute missing clock CpGs)
7786915135_R04C02,Hannum,original,53.90138781,years,methylCIPHER,https://github.com/HigginsChenLab/methylCIPHER,9e8c1e55f53c3fdeaf32a38cc8ef109be8b2a8c8,4.6.1,0.2.0,calcHannum,mean (methylCIPHER default: PC clocks mean-impute missing clock CpGs)
7786915153_R05C01,Hannum,original,73.98150813,years,methylCIPHER,https://github.com/HigginsChenLab/methylCIPHER,9e8c1e55f53c3fdeaf32a38cc8ef109be8b2a8c8,4.6.1,0.2.0,calcHannum,mean (methylCIPHER default: PC clocks mean-impute missing clock CpGs)
7786923001_R06C01,Hannum,original,58.96864177,years,methylCIPHER,https://github.com/HigginsChenLab/methylCIPHER,9e8c1e55f53c3fdeaf32a38cc8ef109be8b2a8c8,4.6.1,0.2.0,calcHannum,mean (methylCIPHER default: PC clocks mean-impute missing clock CpGs)
7786923023_R02C01,Hannum,original,64.23227694,years,methylCIPHER,https://github.com/HigginsChenLab/methylCIPHER,9e8c1e55f53c3fdeaf32a38cc8ef109be8b2a8c8,4.6.1,0.2.0,calcHannum,mean (methylCIPHER default: PC clocks mean-impute missing clock CpGs)
7786923028_R03C01,Hannum,original,61.27637825,years,methylCIPHER,https://github.com/HigginsChenLab/methylCIPHER,9e8c1e55f53c3fdeaf32a38cc8ef109be8b2a8c8,4.6.1,0.2.0,calcHannum,mean (methylCIPHER default: PC clocks mean-impute missing clock CpGs)
7786923028_R05C02,Hannum,original,61.61180516,years,methylCIPHER,https://github.com/HigginsChenLab/methylCIPHER,9e8c1e55f53c3fdeaf32a38cc8ef109be8b2a8c8,4.6.1,0.2.0,calcHannum,mean (methylCIPHER default: PC clocks mean-impute missing clock CpGs)
7786923038_R03C02,Hannum,original,53.81368557,years,methylCIPHER,https://github.com/HigginsChenLab/methylCIPHER,9e8c1e55f53c3fdeaf32a38cc8ef109be8b2a8c8,4.6.1,0.2.0,calcHannum,mean (methylCIPHER default: PC clocks mean-impute missing clock CpGs)
7786923050_R03C01,Hannum,original,49.38071924,years,methylCIPHER,https://github.com/HigginsChenLab/methylCIPHER,9e8c1e55f53c3fdeaf32a38cc8ef109be8b2a8c8,4.6.1,0.2.0,calcHannum,mean (methylCIPHER default: PC clocks mean-impute missing clock CpGs)
7786923066_R01C01,Hannum,original,51.0310024,years,methylCIPHER,https://github.com/HigginsChenLab/methylCIPHER,9e8c1e55f53c3fdeaf32a38cc8ef109be8b2a8c8,4.6.1,0.2.0,calcHannum,mean (methylCIPHER default: PC clocks mean-impute missing clock CpGs)
7786923067_R06C01,Hannum,original,71.82165137,years,methylCIPHER,https://github.com/HigginsChenLab/methylCIPHER,9e8c1e55f53c3fdeaf32a38cc8ef109be8b2a8c8,4.6.1,0.2.0,calcHannum,mean (methylCIPHER default: PC clocks mean-impute missing clock CpGs)
7796814020_R04C02,Hannum,original,77.53573135,years,methylCIPHER,https://github.com/HigginsChenLab/methylCIPHER,9e8c1e55f53c3fdeaf32a38cc8ef109be8b2a8c8,4.6.1,0.2.0,calcHannum,mean (methylCIPHER default: PC clocks mean-impute missing clock CpGs)
7512560138_R04C01,Hannum,original,46.61799566,years,methylCIPHER,https://github.com/HigginsChenLab/methylCIPHER,9e8c1e55f53c3fdeaf32a38cc8ef109be8b2a8c8,4.6.1,0.2.0,calcHannum,mean (methylCIPHER default: PC clocks mean-impute missing clock CpGs)
7512560138_R05C01,Hannum,original,64.18799184,years,methylCIPHER,https://github.com/HigginsChenLab/methylCIPHER,9e8c1e55f53c3fdeaf32a38cc8ef109be8b2a8c8,4.6.1,0.2.0,calcHannum,mean (methylCIPHER default: PC clocks mean-impute missing clock CpGs)
7512560138_R06C01,Hannum,original,72.30814805,years,methylCIPHER,https://github.com/HigginsChenLab/methylCIPHER,9e8c1e55f53c3fdeaf32a38cc8ef109be8b2a8c8,4.6.1,0.2.0,calcHannum,mean (methylCIPHER default: PC clocks mean-impute missing clock CpGs)
7786915116_R06C02,Hannum,original,54.41463971,years,methylCIPHER,https://github.com/HigginsChenLab/methylCIPHER,9e8c1e55f53c3fdeaf32a38cc8ef109be8b2a8c8,4.6.1,0.2.0,calcHannum,mean (methylCIPHER default: PC clocks mean-impute missing clock CpGs)
7471147022_R02C02,Hannum,original,63.20178667,years,methylCIPHER,https://github.com/HigginsChenLab/methylCIPHER,9e8c1e55f53c3fdeaf32a38cc8ef109be8b2a8c8,4.6.1,0.2.0,calcHannum,mean (methylCIPHER default: PC clocks mean-impute missing clock CpGs)
7786915075_R05C01,Hannum,original,83.55648397,years,methylCIPHER,https://github.com/HigginsChenLab/methylCIPHER,9e8c1e55f53c3fdeaf32a38cc8ef109be8b2a8c8,4.6.1,0.2.0,calcHannum,mean (methylCIPHER default: PC clocks mean-impute missing clock CpGs)
7512551008_R01C01,Hannum,original,53.40977751,years,methylCIPHER,https://github.com/HigginsChenLab/methylCIPHER,9e8c1e55f53c3fdeaf32a38cc8ef109be8b2a8c8,4.6.1,0.2.0,calcHannum,mean (methylCIPHER default: PC clocks mean-impute missing clock CpGs)
7512551008_R01C02,Hannum,original,63.5236388,years,methylCIPHER,https://github.com/HigginsChenLab/methylCIPHER,9e8c1e55f53c3fdeaf32a38cc8ef109be8b2a8c8,4.6.1,0.2.0,calcHannum,mean (methylCIPHER default: PC clocks mean-impute missing clock CpGs)
7512551008_R02C01,Hannum,original,80.37152686,years,methylCIPHER,https://github.com/HigginsChenLab/methylCIPHER,9e8c1e55f53c3fdeaf32a38cc8ef109be8b2a8c8,4.6.1,0.2.0,calcHannum,mean (methylCIPHER default: PC clocks mean-impute missing clock CpGs)
7512551008_R02C02,Hannum,original,68.16453397,years,methylCIPHER,https://github.com/HigginsChenLab/methylCIPHER,9e8c1e55f53c3fdeaf32a38cc8ef109be8b2a8c8,4.6.1,0.2.0,calcHannum,mean (methylCIPHER default: PC clocks mean-impute missing clock CpGs)
7512551008_R03C01,Hannum,original,60.15552023,years,methylCIPHER,https://github.com/HigginsChenLab/methylCIPHER,9e8c1e55f53c3fdeaf32a38cc8ef109be8b2a8c8,4.6.1,0.2.0,calcHannum,mean (methylCIPHER default: PC clocks mean-impute missing clock CpGs)
7512551008_R03C02,Hannum,original,63.5546482,years,methylCIPHER,https://github.com/HigginsChenLab/methylCIPHER,9e8c1e55f53c3fdeaf32a38cc8ef109be8b2a8c8,4.6.1,0.2.0,calcHannum,mean (methylCIPHER default: PC clocks mean-impute missing clock CpGs)
7512551008_R04C01,Hannum,original,55.16833037,years,methylCIPHER,https://github.com/HigginsChenLab/methylCIPHER,9e8c1e55f53c3fdeaf32a38cc8ef109be8b2a8c8,4.6.1,0.2.0,calcHannum,mean (methylCIPHER default: PC clocks mean-impute missing clock CpGs)
7512551008_R04C02,Hannum,original,77.70928142,years,methylCIPHER,https://github.com/HigginsChenLab/methylCIPHER,9e8c1e55f53c3fdeaf32a38cc8ef109be8b2a8c8,4.6.1,0.2.0,calcHannum,mean (methylCIPHER default: PC clocks mean-impute missing clock CpGs)
7512551008_R05C01,Hannum,original,70.54861603,years,methylCIPHER,https://github.com/HigginsChenLab/methylCIPHER,9e8c1e55f53c3fdeaf32a38cc8ef109be8b2a8c8,4.6.1,0.2.0,calcHannum,mean (methylCIPHER default: PC clocks mean-impute missing clock CpGs)
7512551008_R06C02,Hannum,original,60.47238182,years,methylCIPHER,https://github.com/HigginsChenLab/methylCIPHER,9e8c1e55f53c3fdeaf32a38cc8ef109be8b2a8c8,4.6.1,0.2.0,calcHannum,mean (methylCIPHER default: PC clocks mean-impute missing clock CpGs)
7512578059_R04C02,Hannum,original,53.9365644,years,methylCIPHER,https://github.com/HigginsChenLab/methylCIPHER,9e8c1e55f53c3fdeaf32a38cc8ef109be8b2a8c8,4.6.1,0.2.0,calcHannum,mean (methylCIPHER default: PC clocks mean-impute missing clock CpGs)
7512578059_R06C02,Hannum,original,51.11451189,years,methylCIPHER,https://github.com/HigginsChenLab/methylCIPHER,9e8c1e55f53c3fdeaf32a38cc8ef109be8b2a8c8,4.6.1,0.2.0,calcHannum,mean (methylCIPHER default: PC clocks mean-impute missing clock CpGs)
7786915157_R01C01,Hannum,original,67.74373077,years,methylCIPHER,https://github.com/HigginsChenLab/methylCIPHER,9e8c1e55f53c3fdeaf32a38cc8ef109be8b2a8c8,4.6.1,0.2.0,calcHannum,mean (methylCIPHER default: PC clocks mean-impute missing clock CpGs)
7786915157_R02C01,Hannum,original,70.46538204,years,methylCIPHER,https://github.com/HigginsChenLab/methylCIPHER,9e8c1e55f53c3fdeaf32a38cc8ef109be8b2a8c8,4.6.1,0.2.0,calcHannum,mean (methylCIPHER default: PC clocks mean-impute missing clock CpGs)
7786915157_R02C02,Hannum,original,63.80170926,years,methylCIPHER,https://github.com/HigginsChenLab/methylCIPHER,9e8c1e55f53c3fdeaf32a38cc8ef109be8b2a8c8,4.6.1,0.2.0,calcHannum,mean (methylCIPHER default: PC clocks mean-impute missing clock CpGs)
7786915157_R03C02,Hannum,original,49.2405424,years,methylCIPHER,https://github.com/HigginsChenLab/methylCIPHER,9e8c1e55f53c3fdeaf32a38cc8ef109be8b2a8c8,4.6.1,0.2.0,calcHannum,mean (methylCIPHER default: PC clocks mean-impute missing clock CpGs)
7471147067_R02C02,Hannum,original,60.16211486,years,methylCIPHER,https://github.com/HigginsChenLab/methylCIPHER,9e8c1e55f53c3fdeaf32a38cc8ef109be8b2a8c8,4.6.1,0.2.0,calcHannum,mean (methylCIPHER default: PC clocks mean-impute missing clock CpGs)
7786915157_R05C01,Hannum,original,72.65128911,years,methylCIPHER,https://github.com/HigginsChenLab/methylCIPHER,9e8c1e55f53c3fdeaf32a38cc8ef109be8b2a8c8,4.6.1,0.2.0,calcHannum,mean (methylCIPHER default: PC clocks mean-impute missing clock CpGs)
7786915157_R05C02,Hannum,original,55.09302023,years,methylCIPHER,https://github.com/HigginsChenLab/methylCIPHER,9e8c1e55f53c3fdeaf32a38cc8ef109be8b2a8c8,4.6.1,0.2.0,calcHannum,mean (methylCIPHER default: PC clocks mean-impute missing clock CpGs)
7786915157_R06C02,Hannum,original,58.86948311,years,methylCIPHER,https://github.com/HigginsChenLab/methylCIPHER,9e8c1e55f53c3fdeaf32a38cc8ef109be8b2a8c8,4.6.1,0.2.0,calcHannum,mean (methylCIPHER default: PC clocks mean-impute missing clock CpGs)
7512560138_R03C01,Hannum,original,52.39346743,years,methylCIPHER,https://github.com/HigginsChenLab/methylCIPHER,9e8c1e55f53c3fdeaf32a38cc8ef109be8b2a8c8,4.6.1,0.2.0,calcHannum,mean (methylCIPHER default: PC clocks mean-impute missing clock CpGs)
7786915048_R04C01,Hannum,original,71.78829695,years,methylCIPHER,https://github.com/HigginsChenLab/methylCIPHER,9e8c1e55f53c3fdeaf32a38cc8ef109be8b2a8c8,4.6.1,0.2.0,calcHannum,mean (methylCIPHER default: PC clocks mean-impute missing clock CpGs)
7786923077_R04C01,Hannum,original,78.22063728,years,methylCIPHER,https://github.com/HigginsChenLab/methylCIPHER,9e8c1e55f53c3fdeaf32a38cc8ef109be8b2a8c8,4.6.1,0.2.0,calcHannum,mean (methylCIPHER default: PC clocks mean-impute missing clock CpGs)
7512560138_R01C01,Hannum,original,81.66391447,years,methylCIPHER,https://github.com/HigginsChenLab/methylCIPHER,9e8c1e55f53c3fdeaf32a38cc8ef109be8b2a8c8,4.6.1,0.2.0,calcHannum,mean (methylCIPHER default: PC clocks mean-impute missing clock CpGs)
7512560138_R02C01,Hannum,original,61.90518967,years,methylCIPHER,https://github.com/HigginsChenLab/methylCIPHER,9e8c1e55f53c3fdeaf32a38cc8ef109be8b2a8c8,4.6.1,0.2.0,calcHannum,mean (methylCIPHER default: PC clocks mean-impute missing clock CpGs)
7786923035_R01C01,Hannum,original,58.80107293,years,methylCIPHER,https://github.com/HigginsChenLab/methylCIPHER,9e8c1e55f53c3fdeaf32a38cc8ef109be8b2a8c8,4.6.1,0.2.0,calcHannum,mean (methylCIPHER default: PC clocks mean-impute missing clock CpGs)
7512578059_R01C02,Hannum,original,58.5156255,years,methylCIPHER,https://github.com/HigginsChenLab/methylCIPHER,9e8c1e55f53c3fdeaf32a38cc8ef109be8b2a8c8,4.6.1,0.2.0,calcHannum,mean (methylCIPHER default: PC clocks mean-impute missing clock CpGs)
7512578059_R02C02,Hannum,original,55.0478326,years,methylCIPHER,https://github.com/HigginsChenLab/methylCIPHER,9e8c1e55f53c3fdeaf32a38cc8ef109be8b2a8c8,4.6.1,0.2.0,calcHannum,mean (methylCIPHER default: PC clocks mean-impute missing clock CpGs)
7512578059_R03C02,Hannum,original,60.56509461,years,methylCIPHER,https://github.com/HigginsChenLab/methylCIPHER,9e8c1e55f53c3fdeaf32a38cc8ef109be8b2a8c8,4.6.1,0.2.0,calcHannum,mean (methylCIPHER default: PC clocks mean-impute missing clock CpGs)
7512578059_R05C02,Hannum,original,64.43765888,years,methylCIPHER,https://github.com/HigginsChenLab/methylCIPHER,9e8c1e55f53c3fdeaf32a38cc8ef109be8b2a8c8,4.6.1,0.2.0,calcHannum,mean (methylCIPHER default: PC clocks mean-impute missing clock CpGs)
7786915157_R01C02,Hannum,original,54.87399576,years,methylCIPHER,https://github.com/HigginsChenLab/methylCIPHER,9e8c1e55f53c3fdeaf32a38cc8ef109be8b2a8c8,4.6.1,0.2.0,calcHannum,mean (methylCIPHER default: PC clocks mean-impute missing clock CpGs)
7786915047_R02C02,Hannum,original,69.05957376,years,methylCIPHER,https://github.com/HigginsChenLab/methylCIPHER,9e8c1e55f53c3fdeaf32a38cc8ef109be8b2a8c8,4.6.1,0.2.0,calcHannum,mean (methylCIPHER default: PC clocks mean-impute missing clock CpGs)
7786915157_R03C01,Hannum,original,69.10742835,years,methylCIPHER,https://github.com/HigginsChenLab/methylCIPHER,9e8c1e55f53c3fdeaf32a38cc8ef109be8b2a8c8,4.6.1,0.2.0,calcHannum,mean (methylCIPHER default: PC clocks mean-impute missing clock CpGs)
7786915157_R04C01,Hannum,original,48.68665011,years,methylCIPHER,https://github.com/HigginsChenLab/methylCIPHER,9e8c1e55f53c3fdeaf32a38cc8ef109be8b2a8c8,4.6.1,0.2.0,calcHannum,mean (methylCIPHER default: PC clocks mean-impute missing clock CpGs)
7786915157_R04C02,Hannum,original,61.41021764,years,methylCIPHER,https://github.com/HigginsChenLab/methylCIPHER,9e8c1e55f53c3fdeaf32a38cc8ef109be8b2a8c8,4.6.1,0.2.0,calcHannum,mean (methylCIPHER default: PC clocks mean-impute missing clock CpGs)
7786915157_R06C01,Hannum,original,70.25093703,years,methylCIPHER,https://github.com/HigginsChenLab/methylCIPHER,9e8c1e55f53c3fdeaf32a38cc8ef109be8b2a8c8,4.6.1,0.2.0,calcHannum,mean (methylCIPHER default: PC clocks mean-impute missing clock CpGs)
7471147081_R06C01,Hannum,original,52.8929211,years,methylCIPHER,https://github.com/HigginsChenLab/methylCIPHER,9e8c1e55f53c3fdeaf32a38cc8ef109be8b2a8c8,4.6.1,0.2.0,calcHannum,mean (methylCIPHER default: PC clocks mean-impute missing clock CpGs)
7786915035_R05C01,Hannum,original,59.5376678,years,methylCIPHER,https://github.com/HigginsChenLab/methylCIPHER,9e8c1e55f53c3fdeaf32a38cc8ef109be8b2a8c8,4.6.1,0.2.0,calcHannum,mean (methylCIPHER default: PC clocks mean-impute missing clock CpGs)
7512551008_R06C01,Hannum,original,59.66105746,years,methylCIPHER,https://github.com/HigginsChenLab/methylCIPHER,9e8c1e55f53c3fdeaf32a38cc8ef109be8b2a8c8,4.6.1,0.2.0,calcHannum,mean (methylCIPHER default: PC clocks mean-impute missing clock CpGs)
7786915069_R03C01,Hannum,original,67.96575012,years,methylCIPHER,https://github.com/HigginsChenLab/methylCIPHER,9e8c1e55f53c3fdeaf32a38cc8ef109be8b2a8c8,4.6.1,0.2.0,calcHannum,mean (methylCIPHER default: PC clocks mean-impute missing clock CpGs)
7512551008_R05C02,Hannum,original,60.98083606,years,methylCIPHER,https://github.com/HigginsChenLab/methylCIPHER,9e8c1e55f53c3fdeaf32a38cc8ef109be8b2a8c8,4.6.1,0.2.0,calcHannum,mean (methylCIPHER default: PC clocks mean-impute missing clock CpGs)
7471147034_R03C01,PhenoAge,original,46.56256282,years,methylCIPHER,https://github.com/HigginsChenLab/methylCIPHER,9e8c1e55f53c3fdeaf32a38cc8ef109be8b2a8c8,4.6.1,0.2.0,calcPhenoAge,mean (methylCIPHER default: PC clocks mean-impute missing clock CpGs)
7471147069_R02C02,PhenoAge,original,30.10312859,years,methylCIPHER,https://github.com/HigginsChenLab/methylCIPHER,9e8c1e55f53c3fdeaf32a38cc8ef109be8b2a8c8,4.6.1,0.2.0,calcPhenoAge,mean (methylCIPHER default: PC clocks mean-impute missing clock CpGs)
7471147072_R01C02,PhenoAge,original,46.29093019,years,methylCIPHER,https://github.com/HigginsChenLab/methylCIPHER,9e8c1e55f53c3fdeaf32a38cc8ef109be8b2a8c8,4.6.1,0.2.0,calcPhenoAge,mean (methylCIPHER default: PC clocks mean-impute missing clock CpGs)
7471147089_R06C01,PhenoAge,original,47.09888345,years,methylCIPHER,https://github.com/HigginsChenLab/methylCIPHER,9e8c1e55f53c3fdeaf32a38cc8ef109be8b2a8c8,4.6.1,0.2.0,calcPhenoAge,mean (methylCIPHER default: PC clocks mean-impute missing clock CpGs)
7471147107_R05C02,PhenoAge,original,58.35223472,years,methylCIPHER,https://github.com/HigginsChenLab/methylCIPHER,9e8c1e55f53c3fdeaf32a38cc8ef109be8b2a8c8,4.6.1,0.2.0,calcPhenoAge,mean (methylCIPHER default: PC clocks mean-impute missing clock CpGs)
7471147134_R02C01,PhenoAge,original,28.21510262,years,methylCIPHER,https://github.com/HigginsChenLab/methylCIPHER,9e8c1e55f53c3fdeaf32a38cc8ef109be8b2a8c8,4.6.1,0.2.0,calcPhenoAge,mean (methylCIPHER default: PC clocks mean-impute missing clock CpGs)
7471147145_R06C01,PhenoAge,original,45.87339456,years,methylCIPHER,https://github.com/HigginsChenLab/methylCIPHER,9e8c1e55f53c3fdeaf32a38cc8ef109be8b2a8c8,4.6.1,0.2.0,calcPhenoAge,mean (methylCIPHER default: PC clocks mean-impute missing clock CpGs)
7471147149_R06C01,PhenoAge,original,43.54460228,years,methylCIPHER,https://github.com/HigginsChenLab/methylCIPHER,9e8c1e55f53c3fdeaf32a38cc8ef109be8b2a8c8,4.6.1,0.2.0,calcPhenoAge,mean (methylCIPHER default: PC clocks mean-impute missing clock CpGs)
7507875153_R03C02,PhenoAge,original,53.74853396,years,methylCIPHER,https://github.com/HigginsChenLab/methylCIPHER,9e8c1e55f53c3fdeaf32a38cc8ef109be8b2a8c8,4.6.1,0.2.0,calcPhenoAge,mean (methylCIPHER default: PC clocks mean-impute missing clock CpGs)
7507875154_R05C01,PhenoAge,original,44.46190871,years,methylCIPHER,https://github.com/HigginsChenLab/methylCIPHER,9e8c1e55f53c3fdeaf32a38cc8ef109be8b2a8c8,4.6.1,0.2.0,calcPhenoAge,mean (methylCIPHER default: PC clocks mean-impute missing clock CpGs)
7512560087_R03C01,PhenoAge,original,56.43055302,years,methylCIPHER,https://github.com/HigginsChenLab/methylCIPHER,9e8c1e55f53c3fdeaf32a38cc8ef109be8b2a8c8,4.6.1,0.2.0,calcPhenoAge,mean (methylCIPHER default: PC clocks mean-impute missing clock CpGs)
7786915023_R02C02,PhenoAge,original,52.29315121,years,methylCIPHER,https://github.com/HigginsChenLab/methylCIPHER,9e8c1e55f53c3fdeaf32a38cc8ef109be8b2a8c8,4.6.1,0.2.0,calcPhenoAge,mean (methylCIPHER default: PC clocks mean-impute missing clock CpGs)
7786915052_R01C01,PhenoAge,original,47.68702599,years,methylCIPHER,https://github.com/HigginsChenLab/methylCIPHER,9e8c1e55f53c3fdeaf32a38cc8ef109be8b2a8c8,4.6.1,0.2.0,calcPhenoAge,mean (methylCIPHER default: PC clocks mean-impute missing clock CpGs)
7786915105_R02C01,PhenoAge,original,49.81511604,years,methylCIPHER,https://github.com/HigginsChenLab/methylCIPHER,9e8c1e55f53c3fdeaf32a38cc8ef109be8b2a8c8,4.6.1,0.2.0,calcPhenoAge,mean (methylCIPHER default: PC clocks mean-impute missing clock CpGs)
7786915135_R04C02,PhenoAge,original,41.05867906,years,methylCIPHER,https://github.com/HigginsChenLab/methylCIPHER,9e8c1e55f53c3fdeaf32a38cc8ef109be8b2a8c8,4.6.1,0.2.0,calcPhenoAge,mean (methylCIPHER default: PC clocks mean-impute missing clock CpGs)
7786915153_R05C01,PhenoAge,original,60.9053621,years,methylCIPHER,https://github.com/HigginsChenLab/methylCIPHER,9e8c1e55f53c3fdeaf32a38cc8ef109be8b2a8c8,4.6.1,0.2.0,calcPhenoAge,mean (methylCIPHER default: PC clocks mean-impute missing clock CpGs)
7786923001_R06C01,PhenoAge,original,42.21779802,years,methylCIPHER,https://github.com/HigginsChenLab/methylCIPHER,9e8c1e55f53c3fdeaf32a38cc8ef109be8b2a8c8,4.6.1,0.2.0,calcPhenoAge,mean (methylCIPHER default: PC clocks mean-impute missing clock CpGs)
7786923023_R02C01,PhenoAge,original,50.76965351,years,methylCIPHER,https://github.com/HigginsChenLab/methylCIPHER,9e8c1e55f53c3fdeaf32a38cc8ef109be8b2a8c8,4.6.1,0.2.0,calcPhenoAge,mean (methylCIPHER default: PC clocks mean-impute missing clock CpGs)
7786923028_R03C01,PhenoAge,original,47.7506305,years,methylCIPHER,https://github.com/HigginsChenLab/methylCIPHER,9e8c1e55f53c3fdeaf32a38cc8ef109be8b2a8c8,4.6.1,0.2.0,calcPhenoAge,mean (methylCIPHER default: PC clocks mean-impute missing clock CpGs)
7786923028_R05C02,PhenoAge,original,47.71352021,years,methylCIPHER,https://github.com/HigginsChenLab/methylCIPHER,9e8c1e55f53c3fdeaf32a38cc8ef109be8b2a8c8,4.6.1,0.2.0,calcPhenoAge,mean (methylCIPHER default: PC clocks mean-impute missing clock CpGs)
7786923038_R03C02,PhenoAge,original,44.26506683,years,methylCIPHER,https://github.com/HigginsChenLab/methylCIPHER,9e8c1e55f53c3fdeaf32a38cc8ef109be8b2a8c8,4.6.1,0.2.0,calcPhenoAge,mean (methylCIPHER default: PC clocks mean-impute missing clock CpGs)
7786923050_R03C01,PhenoAge,original,34.41993907,years,methylCIPHER,https://github.com/HigginsChenLab/methylCIPHER,9e8c1e55f53c3fdeaf32a38cc8ef109be8b2a8c8,4.6.1,0.2.0,calcPhenoAge,mean (methylCIPHER default: PC clocks mean-impute missing clock CpGs)
7786923066_R01C01,PhenoAge,original,29.16906136,years,methylCIPHER,https://github.com/HigginsChenLab/methylCIPHER,9e8c1e55f53c3fdeaf32a38cc8ef109be8b2a8c8,4.6.1,0.2.0,calcPhenoAge,mean (methylCIPHER default: PC clocks mean-impute missing clock CpGs)
7786923067_R06C01,PhenoAge,original,57.52464611,years,methylCIPHER,https://github.com/HigginsChenLab/methylCIPHER,9e8c1e55f53c3fdeaf32a38cc8ef109be8b2a8c8,4.6.1,0.2.0,calcPhenoAge,mean (methylCIPHER default: PC clocks mean-impute missing clock CpGs)
7796814020_R04C02,PhenoAge,original,69.96363497,years,methylCIPHER,https://github.com/HigginsChenLab/methylCIPHER,9e8c1e55f53c3fdeaf32a38cc8ef109be8b2a8c8,4.6.1,0.2.0,calcPhenoAge,mean (methylCIPHER default: PC clocks mean-impute missing clock CpGs)
7512560138_R04C01,PhenoAge,original,30.45219739,years,methylCIPHER,https://github.com/HigginsChenLab/methylCIPHER,9e8c1e55f53c3fdeaf32a38cc8ef109be8b2a8c8,4.6.1,0.2.0,calcPhenoAge,mean (methylCIPHER default: PC clocks mean-impute missing clock CpGs)
7512560138_R05C01,PhenoAge,original,55.68052789,years,methylCIPHER,https://github.com/HigginsChenLab/methylCIPHER,9e8c1e55f53c3fdeaf32a38cc8ef109be8b2a8c8,4.6.1,0.2.0,calcPhenoAge,mean (methylCIPHER default: PC clocks mean-impute missing clock CpGs)
7512560138_R06C01,PhenoAge,original,60.02615106,years,methylCIPHER,https://github.com/HigginsChenLab/methylCIPHER,9e8c1e55f53c3fdeaf32a38cc8ef109be8b2a8c8,4.6.1,0.2.0,calcPhenoAge,mean (methylCIPHER default: PC clocks mean-impute missing clock CpGs)
7786915116_R06C02,PhenoAge,original,41.00106468,years,methylCIPHER,https://github.com/HigginsChenLab/methylCIPHER,9e8c1e55f53c3fdeaf32a38cc8ef109be8b2a8c8,4.6.1,0.2.0,calcPhenoAge,mean (methylCIPHER default: PC clocks mean-impute missing clock CpGs)
7471147022_R02C02,PhenoAge,original,43.88048504,years,methylCIPHER,https://github.com/HigginsChenLab/methylCIPHER,9e8c1e55f53c3fdeaf32a38cc8ef109be8b2a8c8,4.6.1,0.2.0,calcPhenoAge,mean (methylCIPHER default: PC clocks mean-impute missing clock CpGs)
7786915075_R05C01,PhenoAge,original,49.91792383,years,methylCIPHER,https://github.com/HigginsChenLab/methylCIPHER,9e8c1e55f53c3fdeaf32a38cc8ef109be8b2a8c8,4.6.1,0.2.0,calcPhenoAge,mean (methylCIPHER default: PC clocks mean-impute missing clock CpGs)
7512551008_R01C01,PhenoAge,original,41.1883953,years,methylCIPHER,https://github.com/HigginsChenLab/methylCIPHER,9e8c1e55f53c3fdeaf32a38cc8ef109be8b2a8c8,4.6.1,0.2.0,calcPhenoAge,mean (methylCIPHER default: PC clocks mean-impute missing clock CpGs)
7512551008_R01C02,PhenoAge,original,56.8352328,years,methylCIPHER,https://github.com/HigginsChenLab/methylCIPHER,9e8c1e55f53c3fdeaf32a38cc8ef109be8b2a8c8,4.6.1,0.2.0,calcPhenoAge,mean (methylCIPHER default: PC clocks mean-impute missing clock CpGs)
7512551008_R02C01,PhenoAge,original,66.26891055,years,methylCIPHER,https://github.com/HigginsChenLab/methylCIPHER,9e8c1e55f53c3fdeaf32a38cc8ef109be8b2a8c8,4.6.1,0.2.0,calcPhenoAge,mean (methylCIPHER default: PC clocks mean-impute missing clock CpGs)
7512551008_R02C02,PhenoAge,original,52.40310764,years,methylCIPHER,https://github.com/HigginsChenLab/methylCIPHER,9e8c1e55f53c3fdeaf32a38cc8ef109be8b2a8c8,4.6.1,0.2.0,calcPhenoAge,mean (methylCIPHER default: PC clocks mean-impute missing clock CpGs)
7512551008_R03C01,PhenoAge,original,53.84957909,years,methylCIPHER,https://github.com/HigginsChenLab/methylCIPHER,9e8c1e55f53c3fdeaf32a38cc8ef109be8b2a8c8,4.6.1,0.2.0,calcPhenoAge,mean (methylCIPHER default: PC clocks mean-impute missing clock CpGs)
7512551008_R03C02,PhenoAge,original,46.14750768,years,methylCIPHER,https://github.com/HigginsChenLab/methylCIPHER,9e8c1e55f53c3fdeaf32a38cc8ef109be8b2a8c8,4.6.1,0.2.0,calcPhenoAge,mean (methylCIPHER default: PC clocks mean-impute missing clock CpGs)
7512551008_R04C01,PhenoAge,original,44.0528987,years,methylCIPHER,https://github.com/HigginsChenLab/methylCIPHER,9e8c1e55f53c3fdeaf32a38cc8ef109be8b2a8c8,4.6.1,0.2.0,calcPhenoAge,mean (methylCIPHER default: PC clocks mean-impute missing clock CpGs)
7512551008_R04C02,PhenoAge,original,69.07191893,years,methylCIPHER,https://github.com/HigginsChenLab/methylCIPHER,9e8c1e55f53c3fdeaf32a38cc8ef109be8b2a8c8,4.6.1,0.2.0,calcPhenoAge,mean (methylCIPHER default: PC clocks mean-impute missing clock CpGs)
7512551008_R05C01,PhenoAge,original,62.78363964,years,methylCIPHER,https://github.com/HigginsChenLab/methylCIPHER,9e8c1e55f53c3fdeaf32a38cc8ef109be8b2a8c8,4.6.1,0.2.0,calcPhenoAge,mean (methylCIPHER default: PC clocks mean-impute missing clock CpGs)
7512551008_R06C02,PhenoAge,original,48.83305101,years,methylCIPHER,https://github.com/HigginsChenLab/methylCIPHER,9e8c1e55f53c3fdeaf32a38cc8ef109be8b2a8c8,4.6.1,0.2.0,calcPhenoAge,mean (methylCIPHER default: PC clocks mean-impute missing clock CpGs)
7512578059_R04C02,PhenoAge,original,43.35276693,years,methylCIPHER,https://github.com/HigginsChenLab/methylCIPHER,9e8c1e55f53c3fdeaf32a38cc8ef109be8b2a8c8,4.6.1,0.2.0,calcPhenoAge,mean (methylCIPHER default: PC clocks mean-impute missing clock CpGs)
7512578059_R06C02,PhenoAge,original,36.35327416,years,methylCIPHER,https://github.com/HigginsChenLab/methylCIPHER,9e8c1e55f53c3fdeaf32a38cc8ef109be8b2a8c8,4.6.1,0.2.0,calcPhenoAge,mean (methylCIPHER default: PC clocks mean-impute missing clock CpGs)
7786915157_R01C01,PhenoAge,original,61.67211446,years,methylCIPHER,https://github.com/HigginsChenLab/methylCIPHER,9e8c1e55f53c3fdeaf32a38cc8ef109be8b2a8c8,4.6.1,0.2.0,calcPhenoAge,mean (methylCIPHER default: PC clocks mean-impute missing clock CpGs)
7786915157_R02C01,PhenoAge,original,55.78559593,years,methylCIPHER,https://github.com/HigginsChenLab/methylCIPHER,9e8c1e55f53c3fdeaf32a38cc8ef109be8b2a8c8,4.6.1,0.2.0,calcPhenoAge,mean (methylCIPHER default: PC clocks mean-impute missing clock CpGs)
7786915157_R02C02,PhenoAge,original,46.48659422,years,methylCIPHER,https://github.com/HigginsChenLab/methylCIPHER,9e8c1e55f53c3fdeaf32a38cc8ef109be8b2a8c8,4.6.1,0.2.0,calcPhenoAge,mean (methylCIPHER default: PC clocks mean-impute missing clock CpGs)
7786915157_R03C02,PhenoAge,original,33.13261238,years,methylCIPHER,https://github.com/HigginsChenLab/methylCIPHER,9e8c1e55f53c3fdeaf32a38cc8ef109be8b2a8c8,4.6.1,0.2.0,calcPhenoAge,mean (methylCIPHER default: PC clocks mean-impute missing clock CpGs)
7471147067_R02C02,PhenoAge,original,43.28157909,years,methylCIPHER,https://github.com/HigginsChenLab/methylCIPHER,9e8c1e55f53c3fdeaf32a38cc8ef109be8b2a8c8,4.6.1,0.2.0,calcPhenoAge,mean (methylCIPHER default: PC clocks mean-impute missing clock CpGs)
7786915157_R05C01,PhenoAge,original,60.48450446,years,methylCIPHER,https://github.com/HigginsChenLab/methylCIPHER,9e8c1e55f53c3fdeaf32a38cc8ef109be8b2a8c8,4.6.1,0.2.0,calcPhenoAge,mean (methylCIPHER default: PC clocks mean-impute missing clock CpGs)
7786915157_R05C02,PhenoAge,original,38.54530022,years,methylCIPHER,https://github.com/HigginsChenLab/methylCIPHER,9e8c1e55f53c3fdeaf32a38cc8ef109be8b2a8c8,4.6.1,0.2.0,calcPhenoAge,mean (methylCIPHER default: PC clocks mean-impute missing clock CpGs)
7786915157_R06C02,PhenoAge,original,48.82010243,years,methylCIPHER,https://github.com/HigginsChenLab/methylCIPHER,9e8c1e55f53c3fdeaf32a38cc8ef109be8b2a8c8,4.6.1,0.2.0,calcPhenoAge,mean (methylCIPHER default: PC clocks mean-impute missing clock CpGs)
7512560138_R03C01,PhenoAge,original,43.30852045,years,methylCIPHER,https://github.com/HigginsChenLab/methylCIPHER,9e8c1e55f53c3fdeaf32a38cc8ef109be8b2a8c8,4.6.1,0.2.0,calcPhenoAge,mean (methylCIPHER default: PC clocks mean-impute missing clock CpGs)
7786915048_R04C01,PhenoAge,original,61.85844278,years,methylCIPHER,https://github.com/HigginsChenLab/methylCIPHER,9e8c1e55f53c3fdeaf32a38cc8ef109be8b2a8c8,4.6.1,0.2.0,calcPhenoAge,mean (methylCIPHER default: PC clocks mean-impute missing clock CpGs)
7786923077_R04C01,PhenoAge,original,69.78743742,years,methylCIPHER,https://github.com/HigginsChenLab/methylCIPHER,9e8c1e55f53c3fdeaf32a38cc8ef109be8b2a8c8,4.6.1,0.2.0,calcPhenoAge,mean (methylCIPHER default: PC clocks mean-impute missing clock CpGs)
7512560138_R01C01,PhenoAge,original,54.8262574,years,methylCIPHER,https://github.com/HigginsChenLab/methylCIPHER,9e8c1e55f53c3fdeaf32a38cc8ef109be8b2a8c8,4.6.1,0.2.0,calcPhenoAge,mean (methylCIPHER default: PC clocks mean-impute missing clock CpGs)
7512560138_R02C01,PhenoAge,original,41.24113764,years,methylCIPHER,https://github.com/HigginsChenLab/methylCIPHER,9e8c1e55f53c3fdeaf32a38cc8ef109be8b2a8c8,4.6.1,0.2.0,calcPhenoAge,mean (methylCIPHER default: PC clocks mean-impute missing clock CpGs)
7786923035_R01C01,PhenoAge,original,40.35241578,years,methylCIPHER,https://github.com/HigginsChenLab/methylCIPHER,9e8c1e55f53c3fdeaf32a38cc8ef109be8b2a8c8,4.6.1,0.2.0,calcPhenoAge,mean (methylCIPHER default: PC clocks mean-impute missing clock CpGs)
7512578059_R01C02,PhenoAge,original,41.98216207,years,methylCIPHER,https://github.com/HigginsChenLab/methylCIPHER,9e8c1e55f53c3fdeaf32a38cc8ef109be8b2a8c8,4.6.1,0.2.0,calcPhenoAge,mean (methylCIPHER default: PC clocks mean-impute missing clock CpGs)
7512578059_R02C02,PhenoAge,original,41.96314578,years,methylCIPHER,https://github.com/HigginsChenLab/methylCIPHER,9e8c1e55f53c3fdeaf32a38cc8ef109be8b2a8c8,4.6.1,0.2.0,calcPhenoAge,mean (methylCIPHER default: PC clocks mean-impute missing clock CpGs)
7512578059_R03C02,PhenoAge,original,47.80100532,years,methylCIPHER,https://github.com/HigginsChenLab/methylCIPHER,9e8c1e55f53c3fdeaf32a38cc8ef109be8b2a8c8,4.6.1,0.2.0,calcPhenoAge,mean (methylCIPHER default: PC clocks mean-impute missing clock CpGs)
7512578059_R05C02,PhenoAge,original,49.9303018,years,methylCIPHER,https://github.com/HigginsChenLab/methylCIPHER,9e8c1e55f53c3fdeaf32a38cc8ef109be8b2a8c8,4.6.1,0.2.0,calcPhenoAge,mean (methylCIPHER default: PC clocks mean-impute missing clock CpGs)
7786915157_R01C02,PhenoAge,original,39.81488827,years,methylCIPHER,https://github.com/HigginsChenLab/methylCIPHER,9e8c1e55f53c3fdeaf32a38cc8ef109be8b2a8c8,4.6.1,0.2.0,calcPhenoAge,mean (methylCIPHER default: PC clocks mean-impute missing clock CpGs)
7786915047_R02C02,PhenoAge,original,54.34346905,years,methylCIPHER,https://github.com/HigginsChenLab/methylCIPHER,9e8c1e55f53c3fdeaf32a38cc8ef109be8b2a8c8,4.6.1,0.2.0,calcPhenoAge,mean (methylCIPHER default: PC clocks mean-impute missing clock CpGs)
7786915157_R03C01,PhenoAge,original,49.59623973,years,methylCIPHER,https://github.com/HigginsChenLab/methylCIPHER,9e8c1e55f53c3fdeaf32a38cc8ef109be8b2a8c8,4.6.1,0.2.0,calcPhenoAge,mean (methylCIPHER default: PC clocks mean-impute missing clock CpGs)
7786915157_R04C01,PhenoAge,original,36.69401904,years,methylCIPHER,https://github.com/HigginsChenLab/methylCIPHER,9e8c1e55f53c3fdeaf32a38cc8ef109be8b2a8c8,4.6.1,0.2.0,calcPhenoAge,mean (methylCIPHER default: PC clocks mean-impute missing clock CpGs)
7786915157_R04C02,PhenoAge,original,47.24287083,years,methylCIPHER,https://github.com/HigginsChenLab/methylCIPHER,9e8c1e55f53c3fdeaf32a38cc8ef109be8b2a8c8,4.6.1,0.2.0,calcPhenoAge,mean (methylCIPHER default: PC clocks mean-impute missing clock CpGs)
7786915157_R06C01,PhenoAge,original,58.87283877,years,methylCIPHER,https://github.com/HigginsChenLab/methylCIPHER,9e8c1e55f53c3fdeaf32a38cc8ef109be8b2a8c8,4.6.1,0.2.0,calcPhenoAge,mean (methylCIPHER default: PC clocks mean-impute missing clock CpGs)
7471147081_R06C01,PhenoAge,original,48.6027601,years,methylCIPHER,https://github.com/HigginsChenLab/methylCIPHER,9e8c1e55f53c3fdeaf32a38cc8ef109be8b2a8c8,4.6.1,0.2.0,calcPhenoAge,mean (methylCIPHER default: PC clocks mean-impute missing clock CpGs)
7786915035_R05C01,PhenoAge,original,43.9669737,years,methylCIPHER,https://github.com/HigginsChenLab/methylCIPHER,9e8c1e55f53c3fdeaf32a38cc8ef109be8b2a8c8,4.6.1,0.2.0,calcPhenoAge,mean (methylCIPHER default: PC clocks mean-impute missing clock CpGs)
7512551008_R06C01,PhenoAge,original,48.99627595,years,methylCIPHER,https://github.com/HigginsChenLab/methylCIPHER,9e8c1e55f53c3fdeaf32a38cc8ef109be8b2a8c8,4.6.1,0.2.0,calcPhenoAge,mean (methylCIPHER default: PC clocks mean-impute missing clock CpGs)
7786915069_R03C01,PhenoAge,original,63.58902669,years,methylCIPHER,https://github.com/HigginsChenLab/methylCIPHER,9e8c1e55f53c3fdeaf32a38cc8ef109be8b2a8c8,4.6.1,0.2.0,calcPhenoAge,mean (methylCIPHER default: PC clocks mean-impute missing clock CpGs)
7512551008_R05C02,PhenoAge,original,41.34435254,years,methylCIPHER,https://github.com/HigginsChenLab/methylCIPHER,9e8c1e55f53c3fdeaf32a38cc8ef109be8b2a8c8,4.6.1,0.2.0,calcPhenoAge,mean (methylCIPHER default: PC clocks mean-impute missing clock CpGs)
7471147034_R03C01,GrimAge,original,54.0653928,years,methylCIPHER,https://github.com/HigginsChenLab/methylCIPHER,9e8c1e55f53c3fdeaf32a38cc8ef109be8b2a8c8,4.6.1,0.2.0,calcGrimAgeV1,mean (methylCIPHER default: PC clocks mean-impute missing clock CpGs)
7471147069_R02C02,GrimAge,original,43.96728007,years,methylCIPHER,https://github.com/HigginsChenLab/methylCIPHER,9e8c1e55f53c3fdeaf32a38cc8ef109be8b2a8c8,4.6.1,0.2.0,calcGrimAgeV1,mean (methylCIPHER default: PC clocks mean-impute missing clock CpGs)
7471147072_R01C02,GrimAge,original,63.32153193,years,methylCIPHER,https://github.com/HigginsChenLab/methylCIPHER,9e8c1e55f53c3fdeaf32a38cc8ef109be8b2a8c8,4.6.1,0.2.0,calcGrimAgeV1,mean (methylCIPHER default: PC clocks mean-impute missing clock CpGs)
7471147089_R06C01,GrimAge,original,57.82783381,years,methylCIPHER,https://github.com/HigginsChenLab/methylCIPHER,9e8c1e55f53c3fdeaf32a38cc8ef109be8b2a8c8,4.6.1,0.2.0,calcGrimAgeV1,mean (methylCIPHER default: PC clocks mean-impute missing clock CpGs)
7471147107_R05C02,GrimAge,original,67.25683775,years,methylCIPHER,https://github.com/HigginsChenLab/methylCIPHER,9e8c1e55f53c3fdeaf32a38cc8ef109be8b2a8c8,4.6.1,0.2.0,calcGrimAgeV1,mean (methylCIPHER default: PC clocks mean-impute missing clock CpGs)
7471147134_R02C01,GrimAge,original,48.81965831,years,methylCIPHER,https://github.com/HigginsChenLab/methylCIPHER,9e8c1e55f53c3fdeaf32a38cc8ef109be8b2a8c8,4.6.1,0.2.0,calcGrimAgeV1,mean (methylCIPHER default: PC clocks mean-impute missing clock CpGs)
7471147145_R06C01,GrimAge,original,50.48635501,years,methylCIPHER,https://github.com/HigginsChenLab/methylCIPHER,9e8c1e55f53c3fdeaf32a38cc8ef109be8b2a8c8,4.6.1,0.2.0,calcGrimAgeV1,mean (methylCIPHER default: PC clocks mean-impute missing clock CpGs)
7471147149_R06C01,GrimAge,original,51.66118228,years,methylCIPHER,https://github.com/HigginsChenLab/methylCIPHER,9e8c1e55f53c3fdeaf32a38cc8ef109be8b2a8c8,4.6.1,0.2.0,calcGrimAgeV1,mean (methylCIPHER default: PC clocks mean-impute missing clock CpGs)
7507875153_R03C02,GrimAge,original,59.79689418,years,methylCIPHER,https://github.com/HigginsChenLab/methylCIPHER,9e8c1e55f53c3fdeaf32a38cc8ef109be8b2a8c8,4.6.1,0.2.0,calcGrimAgeV1,mean (methylCIPHER default: PC clocks mean-impute missing clock CpGs)
7507875154_R05C01,GrimAge,original,50.8500156,years,methylCIPHER,https://github.com/HigginsChenLab/methylCIPHER,9e8c1e55f53c3fdeaf32a38cc8ef109be8b2a8c8,4.6.1,0.2.0,calcGrimAgeV1,mean (methylCIPHER default: PC clocks mean-impute missing clock CpGs)
7512560087_R03C01,GrimAge,original,61.52363543,years,methylCIPHER,https://github.com/HigginsChenLab/methylCIPHER,9e8c1e55f53c3fdeaf32a38cc8ef109be8b2a8c8,4.6.1,0.2.0,calcGrimAgeV1,mean (methylCIPHER default: PC clocks mean-impute missing clock CpGs)
7786915023_R02C02,GrimAge,original,61.77785673,years,methylCIPHER,https://github.com/HigginsChenLab/methylCIPHER,9e8c1e55f53c3fdeaf32a38cc8ef109be8b2a8c8,4.6.1,0.2.0,calcGrimAgeV1,mean (methylCIPHER default: PC clocks mean-impute missing clock CpGs)
7786915052_R01C01,GrimAge,original,63.37571843,years,methylCIPHER,https://github.com/HigginsChenLab/methylCIPHER,9e8c1e55f53c3fdeaf32a38cc8ef109be8b2a8c8,4.6.1,0.2.0,calcGrimAgeV1,mean (methylCIPHER default: PC clocks mean-impute missing clock CpGs)
7786915105_R02C01,GrimAge,original,57.13776763,years,methylCIPHER,https://github.com/HigginsChenLab/methylCIPHER,9e8c1e55f53c3fdeaf32a38cc8ef109be8b2a8c8,4.6.1,0.2.0,calcGrimAgeV1,mean (methylCIPHER default: PC clocks mean-impute missing clock CpGs)
7786915135_R04C02,GrimAge,original,51.69446672,years,methylCIPHER,https://github.com/HigginsChenLab/methylCIPHER,9e8c1e55f53c3fdeaf32a38cc8ef109be8b2a8c8,4.6.1,0.2.0,calcGrimAgeV1,mean (methylCIPHER default: PC clocks mean-impute missing clock CpGs)
7786915153_R05C01,GrimAge,original,67.87660891,years,methylCIPHER,https://github.com/HigginsChenLab/methylCIPHER,9e8c1e55f53c3fdeaf32a38cc8ef109be8b2a8c8,4.6.1,0.2.0,calcGrimAgeV1,mean (methylCIPHER default: PC clocks mean-impute missing clock CpGs)
7786923001_R06C01,GrimAge,original,53.3295046,years,methylCIPHER,https://github.com/HigginsChenLab/methylCIPHER,9e8c1e55f53c3fdeaf32a38cc8ef109be8b2a8c8,4.6.1,0.2.0,calcGrimAgeV1,mean (methylCIPHER default: PC clocks mean-impute missing clock CpGs)
7786923023_R02C01,GrimAge,original,56.73349903,years,methylCIPHER,https://github.com/HigginsChenLab/methylCIPHER,9e8c1e55f53c3fdeaf32a38cc8ef109be8b2a8c8,4.6.1,0.2.0,calcGrimAgeV1,mean (methylCIPHER default: PC clocks mean-impute missing clock CpGs)
7786923028_R03C01,GrimAge,original,60.13037212,years,methylCIPHER,https://github.com/HigginsChenLab/methylCIPHER,9e8c1e55f53c3fdeaf32a38cc8ef109be8b2a8c8,4.6.1,0.2.0,calcGrimAgeV1,mean (methylCIPHER default: PC clocks mean-impute missing clock CpGs)
7786923028_R05C02,GrimAge,original,59.45622755,years,methylCIPHER,https://github.com/HigginsChenLab/methylCIPHER,9e8c1e55f53c3fdeaf32a38cc8ef109be8b2a8c8,4.6.1,0.2.0,calcGrimAgeV1,mean (methylCIPHER default: PC clocks mean-impute missing clock CpGs)
7786923038_R03C02,GrimAge,original,63.0503833,years,methylCIPHER,https://github.com/HigginsChenLab/methylCIPHER,9e8c1e55f53c3fdeaf32a38cc8ef109be8b2a8c8,4.6.1,0.2.0,calcGrimAgeV1,mean (methylCIPHER default: PC clocks mean-impute missing clock CpGs)
7786923050_R03C01,GrimAge,original,46.03065468,years,methylCIPHER,https://github.com/HigginsChenLab/methylCIPHER,9e8c1e55f53c3fdeaf32a38cc8ef109be8b2a8c8,4.6.1,0.2.0,calcGrimAgeV1,mean (methylCIPHER default: PC clocks mean-impute missing clock CpGs)
7786923066_R01C01,GrimAge,original,46.91889221,years,methylCIPHER,https://github.com/HigginsChenLab/methylCIPHER,9e8c1e55f53c3fdeaf32a38cc8ef109be8b2a8c8,4.6.1,0.2.0,calcGrimAgeV1,mean (methylCIPHER default: PC clocks mean-impute missing clock CpGs)
7786923067_R06C01,GrimAge,original,75.22261897,years,methylCIPHER,https://github.com/HigginsChenLab/methylCIPHER,9e8c1e55f53c3fdeaf32a38cc8ef109be8b2a8c8,4.6.1,0.2.0,calcGrimAgeV1,mean (methylCIPHER default: PC clocks mean-impute missing clock CpGs)
7796814020_R04C02,GrimAge,original,59.31911486,years,methylCIPHER,https://github.com/HigginsChenLab/methylCIPHER,9e8c1e55f53c3fdeaf32a38cc8ef109be8b2a8c8,4.6.1,0.2.0,calcGrimAgeV1,mean (methylCIPHER default: PC clocks mean-impute missing clock CpGs)
7512560138_R04C01,GrimAge,original,48.14574029,years,methylCIPHER,https://github.com/HigginsChenLab/methylCIPHER,9e8c1e55f53c3fdeaf32a38cc8ef109be8b2a8c8,4.6.1,0.2.0,calcGrimAgeV1,mean (methylCIPHER default: PC clocks mean-impute missing clock CpGs)
7512560138_R05C01,GrimAge,original,57.8903112,years,methylCIPHER,https://github.com/HigginsChenLab/methylCIPHER,9e8c1e55f53c3fdeaf32a38cc8ef109be8b2a8c8,4.6.1,0.2.0,calcGrimAgeV1,mean (methylCIPHER default: PC clocks mean-impute missing clock CpGs)
7512560138_R06C01,GrimAge,original,75.36386759,years,methylCIPHER,https://github.com/HigginsChenLab/methylCIPHER,9e8c1e55f53c3fdeaf32a38cc8ef109be8b2a8c8,4.6.1,0.2.0,calcGrimAgeV1,mean (methylCIPHER default: PC clocks mean-impute missing clock CpGs)
7786915116_R06C02,GrimAge,original,56.06908608,years,methylCIPHER,https://github.com/HigginsChenLab/methylCIPHER,9e8c1e55f53c3fdeaf32a38cc8ef109be8b2a8c8,4.6.1,0.2.0,calcGrimAgeV1,mean (methylCIPHER default: PC clocks mean-impute missing clock CpGs)
7471147022_R02C02,GrimAge,original,65.13507813,years,methylCIPHER,https://github.com/HigginsChenLab/methylCIPHER,9e8c1e55f53c3fdeaf32a38cc8ef109be8b2a8c8,4.6.1,0.2.0,calcGrimAgeV1,mean (methylCIPHER default: PC clocks mean-impute missing clock CpGs)
7786915075_R05C01,GrimAge,original,78.1722463,years,methylCIPHER,https://github.com/HigginsChenLab/methylCIPHER,9e8c1e55f53c3fdeaf32a38cc8ef109be8b2a8c8,4.6.1,0.2.0,calcGrimAgeV1,mean (methylCIPHER default: PC clocks mean-impute missing clock CpGs)
7512551008_R01C01,GrimAge,original,53.24746664,years,methylCIPHER,https://github.com/HigginsChenLab/methylCIPHER,9e8c1e55f53c3fdeaf32a38cc8ef109be8b2a8c8,4.6.1,0.2.0,calcGrimAgeV1,mean (methylCIPHER default: PC clocks mean-impute missing clock CpGs)
7512551008_R01C02,GrimAge,original,60.36248223,years,methylCIPHER,https://github.com/HigginsChenLab/methylCIPHER,9e8c1e55f53c3fdeaf32a38cc8ef109be8b2a8c8,4.6.1,0.2.0,calcGrimAgeV1,mean (methylCIPHER default: PC clocks mean-impute missing clock CpGs)
7512551008_R02C01,GrimAge,original,61.47998249,years,methylCIPHER,https://github.com/HigginsChenLab/methylCIPHER,9e8c1e55f53c3fdeaf32a38cc8ef109be8b2a8c8,4.6.1,0.2.0,calcGrimAgeV1,mean (methylCIPHER default: PC clocks mean-impute missing clock CpGs)
7512551008_R02C02,GrimAge,original,61.78533576,years,methylCIPHER,https://github.com/HigginsChenLab/methylCIPHER,9e8c1e55f53c3fdeaf32a38cc8ef109be8b2a8c8,4.6.1,0.2.0,calcGrimAgeV1,mean (methylCIPHER default: PC clocks mean-impute missing clock CpGs)
7512551008_R03C01,GrimAge,original,56.65113102,years,methylCIPHER,https://github.com/HigginsChenLab/methylCIPHER,9e8c1e55f53c3fdeaf32a38cc8ef109be8b2a8c8,4.6.1,0.2.0,calcGrimAgeV1,mean (methylCIPHER default: PC clocks mean-impute missing clock CpGs)
7512551008_R03C02,GrimAge,original,63.42454507,years,methylCIPHER,https://github.com/HigginsChenLab/methylCIPHER,9e8c1e55f53c3fdeaf32a38cc8ef109be8b2a8c8,4.6.1,0.2.0,calcGrimAgeV1,mean (methylCIPHER default: PC clocks mean-impute missing clock CpGs)
7512551008_R04C01,GrimAge,original,49.86923321,years,methylCIPHER,https://github.com/HigginsChenLab/methylCIPHER,9e8c1e55f53c3fdeaf32a38cc8ef109be8b2a8c8,4.6.1,0.2.0,calcGrimAgeV1,mean (methylCIPHER default: PC clocks mean-impute missing clock CpGs)
7512551008_R04C02,GrimAge,original,71.07447404,years,methylCIPHER,https://github.com/HigginsChenLab/methylCIPHER,9e8c1e55f53c3fdeaf32a38cc8ef109be8b2a8c8,4.6.1,0.2.0,calcGrimAgeV1,mean (methylCIPHER default: PC clocks mean-impute missing clock CpGs)
7512551008_R05C01,GrimAge,original,80.55426415,years,methylCIPHER,https://github.com/HigginsChenLab/methylCIPHER,9e8c1e55f53c3fdeaf32a38cc8ef109be8b2a8c8,4.6.1,0.2.0,calcGrimAgeV1,mean (methylCIPHER default: PC clocks mean-impute missing clock CpGs)
7512551008_R06C02,GrimAge,original,54.28386707,years,methylCIPHER,https://github.com/HigginsChenLab/methylCIPHER,9e8c1e55f53c3fdeaf32a38cc8ef109be8b2a8c8,4.6.1,0.2.0,calcGrimAgeV1,mean (methylCIPHER default: PC clocks mean-impute missing clock CpGs)
7512578059_R04C02,GrimAge,original,63.29859057,years,methylCIPHER,https://github.com/HigginsChenLab/methylCIPHER,9e8c1e55f53c3fdeaf32a38cc8ef109be8b2a8c8,4.6.1,0.2.0,calcGrimAgeV1,mean (methylCIPHER default: PC clocks mean-impute missing clock CpGs)
7512578059_R06C02,GrimAge,original,46.38304679,years,methylCIPHER,https://github.com/HigginsChenLab/methylCIPHER,9e8c1e55f53c3fdeaf32a38cc8ef109be8b2a8c8,4.6.1,0.2.0,calcGrimAgeV1,mean (methylCIPHER default: PC clocks mean-impute missing clock CpGs)
7786915157_R01C01,GrimAge,original,61.53607255,years,methylCIPHER,https://github.com/HigginsChenLab/methylCIPHER,9e8c1e55f53c3fdeaf32a38cc8ef109be8b2a8c8,4.6.1,0.2.0,calcGrimAgeV1,mean (methylCIPHER default: PC clocks mean-impute missing clock CpGs)
7786915157_R02C01,GrimAge,original,66.72597374,years,methylCIPHER,https://github.com/HigginsChenLab/methylCIPHER,9e8c1e55f53c3fdeaf32a38cc8ef109be8b2a8c8,4.6.1,0.2.0,calcGrimAgeV1,mean (methylCIPHER default: PC clocks mean-impute missing clock CpGs)
7786915157_R02C02,GrimAge,original,60.96485092,years,methylCIPHER,https://github.com/HigginsChenLab/methylCIPHER,9e8c1e55f53c3fdeaf32a38cc8ef109be8b2a8c8,4.6.1,0.2.0,calcGrimAgeV1,mean (methylCIPHER default: PC clocks mean-impute missing clock CpGs)
7786915157_R03C02,GrimAge,original,45.75909019,years,methylCIPHER,https://github.com/HigginsChenLab/methylCIPHER,9e8c1e55f53c3fdeaf32a38cc8ef109be8b2a8c8,4.6.1,0.2.0,calcGrimAgeV1,mean (methylCIPHER default: PC clocks mean-impute missing clock CpGs)
7471147067_R02C02,GrimAge,original,53.17794088,years,methylCIPHER,https://github.com/HigginsChenLab/methylCIPHER,9e8c1e55f53c3fdeaf32a38cc8ef109be8b2a8c8,4.6.1,0.2.0,calcGrimAgeV1,mean (methylCIPHER default: PC clocks mean-impute missing clock CpGs)
7786915157_R05C01,GrimAge,original,65.23249484,years,methylCIPHER,https://github.com/HigginsChenLab/methylCIPHER,9e8c1e55f53c3fdeaf32a38cc8ef109be8b2a8c8,4.6.1,0.2.0,calcGrimAgeV1,mean (methylCIPHER default: PC clocks mean-impute missing clock CpGs)
7786915157_R05C02,GrimAge,original,49.46650145,years,methylCIPHER,https://github.com/HigginsChenLab/methylCIPHER,9e8c1e55f53c3fdeaf32a38cc8ef109be8b2a8c8,4.6.1,0.2.0,calcGrimAgeV1,mean (methylCIPHER default: PC clocks mean-impute missing clock CpGs)
7786915157_R06C02,GrimAge,original,53.77442858,years,methylCIPHER,https://github.com/HigginsChenLab/methylCIPHER,9e8c1e55f53c3fdeaf32a38cc8ef109be8b2a8c8,4.6.1,0.2.0,calcGrimAgeV1,mean (methylCIPHER default: PC clocks mean-impute missing clock CpGs)
7512560138_R03C01,GrimAge,original,52.22359248,years,methylCIPHER,https://github.com/HigginsChenLab/methylCIPHER,9e8c1e55f53c3fdeaf32a38cc8ef109be8b2a8c8,4.6.1,0.2.0,calcGrimAgeV1,mean (methylCIPHER default: PC clocks mean-impute missing clock CpGs)
7786915048_R04C01,GrimAge,original,64.30029808,years,methylCIPHER,https://github.com/HigginsChenLab/methylCIPHER,9e8c1e55f53c3fdeaf32a38cc8ef109be8b2a8c8,4.6.1,0.2.0,calcGrimAgeV1,mean (methylCIPHER default: PC clocks mean-impute missing clock CpGs)
7786923077_R04C01,GrimAge,original,71.3572309,years,methylCIPHER,https://github.com/HigginsChenLab/methylCIPHER,9e8c1e55f53c3fdeaf32a38cc8ef109be8b2a8c8,4.6.1,0.2.0,calcGrimAgeV1,mean (methylCIPHER default: PC clocks mean-impute missing clock CpGs)
7512560138_R01C01,GrimAge,original,75.89258036,years,methylCIPHER,https://github.com/HigginsChenLab/methylCIPHER,9e8c1e55f53c3fdeaf32a38cc8ef109be8b2a8c8,4.6.1,0.2.0,calcGrimAgeV1,mean (methylCIPHER default: PC clocks mean-impute missing clock CpGs)
7512560138_R02C01,GrimAge,original,54.29195993,years,methylCIPHER,https://github.com/HigginsChenLab/methylCIPHER,9e8c1e55f53c3fdeaf32a38cc8ef109be8b2a8c8,4.6.1,0.2.0,calcGrimAgeV1,mean (methylCIPHER default: PC clocks mean-impute missing clock CpGs)
7786923035_R01C01,GrimAge,original,61.00642435,years,methylCIPHER,https://github.com/HigginsChenLab/methylCIPHER,9e8c1e55f53c3fdeaf32a38cc8ef109be8b2a8c8,4.6.1,0.2.0,calcGrimAgeV1,mean (methylCIPHER default: PC clocks mean-impute missing clock CpGs)
7512578059_R01C02,GrimAge,original,57.43633949,years,methylCIPHER,https://github.com/HigginsChenLab/methylCIPHER,9e8c1e55f53c3fdeaf32a38cc8ef109be8b2a8c8,4.6.1,0.2.0,calcGrimAgeV1,mean (methylCIPHER default: PC clocks mean-impute missing clock CpGs)
7512578059_R02C02,GrimAge,original,53.7942023,years,methylCIPHER,https://github.com/HigginsChenLab/methylCIPHER,9e8c1e55f53c3fdeaf32a38cc8ef109be8b2a8c8,4.6.1,0.2.0,calcGrimAgeV1,mean (methylCIPHER default: PC clocks mean-impute missing clock CpGs)
7512578059_R03C02,GrimAge,original,63.36357838,years,methylCIPHER,https://github.com/HigginsChenLab/methylCIPHER,9e8c1e55f53c3fdeaf32a38cc8ef109be8b2a8c8,4.6.1,0.2.0,calcGrimAgeV1,mean (methylCIPHER default: PC clocks mean-impute missing clock CpGs)
7512578059_R05C02,GrimAge,original,59.00971871,years,methylCIPHER,https://github.com/HigginsChenLab/methylCIPHER,9e8c1e55f53c3fdeaf32a38cc8ef109be8b2a8c8,4.6.1,0.2.0,calcGrimAgeV1,mean (methylCIPHER default: PC clocks mean-impute missing clock CpGs)
7786915157_R01C02,GrimAge,original,50.55489967,years,methylCIPHER,https://github.com/HigginsChenLab/methylCIPHER,9e8c1e55f53c3fdeaf32a38cc8ef109be8b2a8c8,4.6.1,0.2.0,calcGrimAgeV1,mean (methylCIPHER default: PC clocks mean-impute missing clock CpGs)
7786915047_R02C02,GrimAge,original,60.5058084,years,methylCIPHER,https://github.com/HigginsChenLab/methylCIPHER,9e8c1e55f53c3fdeaf32a38cc8ef109be8b2a8c8,4.6.1,0.2.0,calcGrimAgeV1,mean (methylCIPHER default: PC clocks mean-impute missing clock CpGs)
7786915157_R03C01,GrimAge,original,62.2093312,years,methylCIPHER,https://github.com/HigginsChenLab/methylCIPHER,9e8c1e55f53c3fdeaf32a38cc8ef109be8b2a8c8,4.6.1,0.2.0,calcGrimAgeV1,mean (methylCIPHER default: PC clocks mean-impute missing clock CpGs)
7786915157_R04C01,GrimAge,original,45.55695214,years,methylCIPHER,https://github.com/HigginsChenLab/methylCIPHER,9e8c1e55f53c3fdeaf32a38cc8ef109be8b2a8c8,4.6.1,0.2.0,calcGrimAgeV1,mean (methylCIPHER default: PC clocks mean-impute missing clock CpGs)
7786915157_R04C02,GrimAge,original,64.82128761,years,methylCIPHER,https://github.com/HigginsChenLab/methylCIPHER,9e8c1e55f53c3fdeaf32a38cc8ef109be8b2a8c8,4.6.1,0.2.0,calcGrimAgeV1,mean (methylCIPHER default: PC clocks mean-impute missing clock CpGs)
7786915157_R06C01,GrimAge,original,66.96990518,years,methylCIPHER,https://github.com/HigginsChenLab/methylCIPHER,9e8c1e55f53c3fdeaf32a38cc8ef109be8b2a8c8,4.6.1,0.2.0,calcGrimAgeV1,mean (methylCIPHER default: PC clocks mean-impute missing clock CpGs)
7471147081_R06C01,GrimAge,original,50.79552072,years,methylCIPHER,https://github.com/HigginsChenLab/methylCIPHER,9e8c1e55f53c3fdeaf32a38cc8ef109be8b2a8c8,4.6.1,0.2.0,calcGrimAgeV1,mean (methylCIPHER default: PC clocks mean-impute missing clock CpGs)
7786915035_R05C01,GrimAge,original,56.86960185,years,methylCIPHER,https://github.com/HigginsChenLab/methylCIPHER,9e8c1e55f53c3fdeaf32a38cc8ef109be8b2a8c8,4.6.1,0.2.0,calcGrimAgeV1,mean (methylCIPHER default: PC clocks mean-impute missing clock CpGs)
7512551008_R06C01,GrimAge,original,60.28631293,years,methylCIPHER,https://github.com/HigginsChenLab/methylCIPHER,9e8c1e55f53c3fdeaf32a38cc8ef109be8b2a8c8,4.6.1,0.2.0,calcGrimAgeV1,mean (methylCIPHER default: PC clocks mean-impute missing clock CpGs)
7786915069_R03C01,GrimAge,original,79.54274549,years,methylCIPHER,https://github.com/HigginsChenLab/methylCIPHER,9e8c1e55f53c3fdeaf32a38cc8ef109be8b2a8c8,4.6.1,0.2.0,calcGrimAgeV1,mean (methylCIPHER default: PC clocks mean-impute missing clock CpGs)
7512551008_R05C02,GrimAge,original,61.7277143,years,methylCIPHER,https://github.com/HigginsChenLab/methylCIPHER,9e8c1e55f53c3fdeaf32a38cc8ef109be8b2a8c8,4.6.1,0.2.0,calcGrimAgeV1,mean (methylCIPHER default: PC clocks mean-impute missing clock CpGs)
7471147034_R03C01,Horvath1,PC,57.76208548,years,methylCIPHER,https://github.com/HigginsChenLab/methylCIPHER,9e8c1e55f53c3fdeaf32a38cc8ef109be8b2a8c8,4.6.1,0.2.0,calcPCClocks:PCHorvath1,mean (methylCIPHER default: PC clocks mean-impute missing clock CpGs)
7471147069_R02C02,Horvath1,PC,47.03964371,years,methylCIPHER,https://github.com/HigginsChenLab/methylCIPHER,9e8c1e55f53c3fdeaf32a38cc8ef109be8b2a8c8,4.6.1,0.2.0,calcPCClocks:PCHorvath1,mean (methylCIPHER default: PC clocks mean-impute missing clock CpGs)
7471147072_R01C02,Horvath1,PC,54.40640576,years,methylCIPHER,https://github.com/HigginsChenLab/methylCIPHER,9e8c1e55f53c3fdeaf32a38cc8ef109be8b2a8c8,4.6.1,0.2.0,calcPCClocks:PCHorvath1,mean (methylCIPHER default: PC clocks mean-impute missing clock CpGs)
7471147089_R06C01,Horvath1,PC,55.51728068,years,methylCIPHER,https://github.com/HigginsChenLab/methylCIPHER,9e8c1e55f53c3fdeaf32a38cc8ef109be8b2a8c8,4.6.1,0.2.0,calcPCClocks:PCHorvath1,mean (methylCIPHER default: PC clocks mean-impute missing clock CpGs)
7471147107_R05C02,Horvath1,PC,64.56909499,years,methylCIPHER,https://github.com/HigginsChenLab/methylCIPHER,9e8c1e55f53c3fdeaf32a38cc8ef109be8b2a8c8,4.6.1,0.2.0,calcPCClocks:PCHorvath1,mean (methylCIPHER default: PC clocks mean-impute missing clock CpGs)
7471147134_R02C01,Horvath1,PC,45.77475087,years,methylCIPHER,https://github.com/HigginsChenLab/methylCIPHER,9e8c1e55f53c3fdeaf32a38cc8ef109be8b2a8c8,4.6.1,0.2.0,calcPCClocks:PCHorvath1,mean (methylCIPHER default: PC clocks mean-impute missing clock CpGs)
7471147145_R06C01,Horvath1,PC,55.96721493,years,methylCIPHER,https://github.com/HigginsChenLab/methylCIPHER,9e8c1e55f53c3fdeaf32a38cc8ef109be8b2a8c8,4.6.1,0.2.0,calcPCClocks:PCHorvath1,mean (methylCIPHER default: PC clocks mean-impute missing clock CpGs)
7471147149_R06C01,Horvath1,PC,49.91660544,years,methylCIPHER,https://github.com/HigginsChenLab/methylCIPHER,9e8c1e55f53c3fdeaf32a38cc8ef109be8b2a8c8,4.6.1,0.2.0,calcPCClocks:PCHorvath1,mean (methylCIPHER default: PC clocks mean-impute missing clock CpGs)
7507875153_R03C02,Horvath1,PC,59.84926491,years,methylCIPHER,https://github.com/HigginsChenLab/methylCIPHER,9e8c1e55f53c3fdeaf32a38cc8ef109be8b2a8c8,4.6.1,0.2.0,calcPCClocks:PCHorvath1,mean (methylCIPHER default: PC clocks mean-impute missing clock CpGs)
7507875154_R05C01,Horvath1,PC,52.89610024,years,methylCIPHER,https://github.com/HigginsChenLab/methylCIPHER,9e8c1e55f53c3fdeaf32a38cc8ef109be8b2a8c8,4.6.1,0.2.0,calcPCClocks:PCHorvath1,mean (methylCIPHER default: PC clocks mean-impute missing clock CpGs)
7512560087_R03C01,Horvath1,PC,62.56784673,years,methylCIPHER,https://github.com/HigginsChenLab/methylCIPHER,9e8c1e55f53c3fdeaf32a38cc8ef109be8b2a8c8,4.6.1,0.2.0,calcPCClocks:PCHorvath1,mean (methylCIPHER default: PC clocks mean-impute missing clock CpGs)
7786915023_R02C02,Horvath1,PC,57.36742082,years,methylCIPHER,https://github.com/HigginsChenLab/methylCIPHER,9e8c1e55f53c3fdeaf32a38cc8ef109be8b2a8c8,4.6.1,0.2.0,calcPCClocks:PCHorvath1,mean (methylCIPHER default: PC clocks mean-impute missing clock CpGs)
7786915052_R01C01,Horvath1,PC,56.49755741,years,methylCIPHER,https://github.com/HigginsChenLab/methylCIPHER,9e8c1e55f53c3fdeaf32a38cc8ef109be8b2a8c8,4.6.1,0.2.0,calcPCClocks:PCHorvath1,mean (methylCIPHER default: PC clocks mean-impute missing clock CpGs)
7786915105_R02C01,Horvath1,PC,62.69073665,years,methylCIPHER,https://github.com/HigginsChenLab/methylCIPHER,9e8c1e55f53c3fdeaf32a38cc8ef109be8b2a8c8,4.6.1,0.2.0,calcPCClocks:PCHorvath1,mean (methylCIPHER default: PC clocks mean-impute missing clock CpGs)
7786915135_R04C02,Horvath1,PC,52.68792495,years,methylCIPHER,https://github.com/HigginsChenLab/methylCIPHER,9e8c1e55f53c3fdeaf32a38cc8ef109be8b2a8c8,4.6.1,0.2.0,calcPCClocks:PCHorvath1,mean (methylCIPHER default: PC clocks mean-impute missing clock CpGs)
7786915153_R05C01,Horvath1,PC,67.0371306,years,methylCIPHER,https://github.com/HigginsChenLab/methylCIPHER,9e8c1e55f53c3fdeaf32a38cc8ef109be8b2a8c8,4.6.1,0.2.0,calcPCClocks:PCHorvath1,mean (methylCIPHER default: PC clocks mean-impute missing clock CpGs)
7786923001_R06C01,Horvath1,PC,54.37661134,years,methylCIPHER,https://github.com/HigginsChenLab/methylCIPHER,9e8c1e55f53c3fdeaf32a38cc8ef109be8b2a8c8,4.6.1,0.2.0,calcPCClocks:PCHorvath1,mean (methylCIPHER default: PC clocks mean-impute missing clock CpGs)
7786923023_R02C01,Horvath1,PC,63.46811904,years,methylCIPHER,https://github.com/HigginsChenLab/methylCIPHER,9e8c1e55f53c3fdeaf32a38cc8ef109be8b2a8c8,4.6.1,0.2.0,calcPCClocks:PCHorvath1,mean (methylCIPHER default: PC clocks mean-impute missing clock CpGs)
7786923028_R03C01,Horvath1,PC,53.14850324,years,methylCIPHER,https://github.com/HigginsChenLab/methylCIPHER,9e8c1e55f53c3fdeaf32a38cc8ef109be8b2a8c8,4.6.1,0.2.0,calcPCClocks:PCHorvath1,mean (methylCIPHER default: PC clocks mean-impute missing clock CpGs)
7786923028_R05C02,Horvath1,PC,55.10851875,years,methylCIPHER,https://github.com/HigginsChenLab/methylCIPHER,9e8c1e55f53c3fdeaf32a38cc8ef109be8b2a8c8,4.6.1,0.2.0,calcPCClocks:PCHorvath1,mean (methylCIPHER default: PC clocks mean-impute missing clock CpGs)
7786923038_R03C02,Horvath1,PC,49.01052947,years,methylCIPHER,https://github.com/HigginsChenLab/methylCIPHER,9e8c1e55f53c3fdeaf32a38cc8ef109be8b2a8c8,4.6.1,0.2.0,calcPCClocks:PCHorvath1,mean (methylCIPHER default: PC clocks mean-impute missing clock CpGs)
7786923050_R03C01,Horvath1,PC,46.46471242,years,methylCIPHER,https://github.com/HigginsChenLab/methylCIPHER,9e8c1e55f53c3fdeaf32a38cc8ef109be8b2a8c8,4.6.1,0.2.0,calcPCClocks:PCHorvath1,mean (methylCIPHER default: PC clocks mean-impute missing clock CpGs)
7786923066_R01C01,Horvath1,PC,43.63959499,years,methylCIPHER,https://github.com/HigginsChenLab/methylCIPHER,9e8c1e55f53c3fdeaf32a38cc8ef109be8b2a8c8,4.6.1,0.2.0,calcPCClocks:PCHorvath1,mean (methylCIPHER default: PC clocks mean-impute missing clock CpGs)
7786923067_R06C01,Horvath1,PC,63.78419026,years,methylCIPHER,https://github.com/HigginsChenLab/methylCIPHER,9e8c1e55f53c3fdeaf32a38cc8ef109be8b2a8c8,4.6.1,0.2.0,calcPCClocks:PCHorvath1,mean (methylCIPHER default: PC clocks mean-impute missing clock CpGs)
7796814020_R04C02,Horvath1,PC,73.32059882,years,methylCIPHER,https://github.com/HigginsChenLab/methylCIPHER,9e8c1e55f53c3fdeaf32a38cc8ef109be8b2a8c8,4.6.1,0.2.0,calcPCClocks:PCHorvath1,mean (methylCIPHER default: PC clocks mean-impute missing clock CpGs)
7512560138_R04C01,Horvath1,PC,46.84282352,years,methylCIPHER,https://github.com/HigginsChenLab/methylCIPHER,9e8c1e55f53c3fdeaf32a38cc8ef109be8b2a8c8,4.6.1,0.2.0,calcPCClocks:PCHorvath1,mean (methylCIPHER default: PC clocks mean-impute missing clock CpGs)
7512560138_R05C01,Horvath1,PC,55.31299533,years,methylCIPHER,https://github.com/HigginsChenLab/methylCIPHER,9e8c1e55f53c3fdeaf32a38cc8ef109be8b2a8c8,4.6.1,0.2.0,calcPCClocks:PCHorvath1,mean (methylCIPHER default: PC clocks mean-impute missing clock CpGs)
7512560138_R06C01,Horvath1,PC,62.34377838,years,methylCIPHER,https://github.com/HigginsChenLab/methylCIPHER,9e8c1e55f53c3fdeaf32a38cc8ef109be8b2a8c8,4.6.1,0.2.0,calcPCClocks:PCHorvath1,mean (methylCIPHER default: PC clocks mean-impute missing clock CpGs)
7786915116_R06C02,Horvath1,PC,49.59291064,years,methylCIPHER,https://github.com/HigginsChenLab/methylCIPHER,9e8c1e55f53c3fdeaf32a38cc8ef109be8b2a8c8,4.6.1,0.2.0,calcPCClocks:PCHorvath1,mean (methylCIPHER default: PC clocks mean-impute missing clock CpGs)
7471147022_R02C02,Horvath1,PC,57.39003356,years,methylCIPHER,https://github.com/HigginsChenLab/methylCIPHER,9e8c1e55f53c3fdeaf32a38cc8ef109be8b2a8c8,4.6.1,0.2.0,calcPCClocks:PCHorvath1,mean (methylCIPHER default: PC clocks mean-impute missing clock CpGs)
7786915075_R05C01,Horvath1,PC,66.1790098,years,methylCIPHER,https://github.com/HigginsChenLab/methylCIPHER,9e8c1e55f53c3fdeaf32a38cc8ef109be8b2a8c8,4.6.1,0.2.0,calcPCClocks:PCHorvath1,mean (methylCIPHER default: PC clocks mean-impute missing clock CpGs)
7512551008_R01C01,Horvath1,PC,49.85982041,years,methylCIPHER,https://github.com/HigginsChenLab/methylCIPHER,9e8c1e55f53c3fdeaf32a38cc8ef109be8b2a8c8,4.6.1,0.2.0,calcPCClocks:PCHorvath1,mean (methylCIPHER default: PC clocks mean-impute missing clock CpGs)
7512551008_R01C02,Horvath1,PC,58.37045095,years,methylCIPHER,https://github.com/HigginsChenLab/methylCIPHER,9e8c1e55f53c3fdeaf32a38cc8ef109be8b2a8c8,4.6.1,0.2.0,calcPCClocks:PCHorvath1,mean (methylCIPHER default: PC clocks mean-impute missing clock CpGs)
7512551008_R02C01,Horvath1,PC,73.58350253,years,methylCIPHER,https://github.com/HigginsChenLab/methylCIPHER,9e8c1e55f53c3fdeaf32a38cc8ef109be8b2a8c8,4.6.1,0.2.0,calcPCClocks:PCHorvath1,mean (methylCIPHER default: PC clocks mean-impute missing clock CpGs)
7512551008_R02C02,Horvath1,PC,58.89834204,years,methylCIPHER,https://github.com/HigginsChenLab/methylCIPHER,9e8c1e55f53c3fdeaf32a38cc8ef109be8b2a8c8,4.6.1,0.2.0,calcPCClocks:PCHorvath1,mean (methylCIPHER default: PC clocks mean-impute missing clock CpGs)
7512551008_R03C01,Horvath1,PC,63.45827932,years,methylCIPHER,https://github.com/HigginsChenLab/methylCIPHER,9e8c1e55f53c3fdeaf32a38cc8ef109be8b2a8c8,4.6.1,0.2.0,calcPCClocks:PCHorvath1,mean (methylCIPHER default: PC clocks mean-impute missing clock CpGs)
7512551008_R03C02,Horvath1,PC,55.89033169,years,methylCIPHER,https://github.com/HigginsChenLab/methylCIPHER,9e8c1e55f53c3fdeaf32a38cc8ef109be8b2a8c8,4.6.1,0.2.0,calcPCClocks:PCHorvath1,mean (methylCIPHER default: PC clocks mean-impute missing clock CpGs)
7512551008_R04C01,Horvath1,PC,55.15527642,years,methylCIPHER,https://github.com/HigginsChenLab/methylCIPHER,9e8c1e55f53c3fdeaf32a38cc8ef109be8b2a8c8,4.6.1,0.2.0,calcPCClocks:PCHorvath1,mean (methylCIPHER default: PC clocks mean-impute missing clock CpGs)
7512551008_R04C02,Horvath1,PC,66.33914064,years,methylCIPHER,https://github.com/HigginsChenLab/methylCIPHER,9e8c1e55f53c3fdeaf32a38cc8ef109be8b2a8c8,4.6.1,0.2.0,calcPCClocks:PCHorvath1,mean (methylCIPHER default: PC clocks mean-impute missing clock CpGs)
7512551008_R05C01,Horvath1,PC,65.00092268,years,methylCIPHER,https://github.com/HigginsChenLab/methylCIPHER,9e8c1e55f53c3fdeaf32a38cc8ef109be8b2a8c8,4.6.1,0.2.0,calcPCClocks:PCHorvath1,mean (methylCIPHER default: PC clocks mean-impute missing clock CpGs)
7512551008_R06C02,Horvath1,PC,54.6034706,years,methylCIPHER,https://github.com/HigginsChenLab/methylCIPHER,9e8c1e55f53c3fdeaf32a38cc8ef109be8b2a8c8,4.6.1,0.2.0,calcPCClocks:PCHorvath1,mean (methylCIPHER default: PC clocks mean-impute missing clock CpGs)
7512578059_R04C02,Horvath1,PC,48.40682971,years,methylCIPHER,https://github.com/HigginsChenLab/methylCIPHER,9e8c1e55f53c3fdeaf32a38cc8ef109be8b2a8c8,4.6.1,0.2.0,calcPCClocks:PCHorvath1,mean (methylCIPHER default: PC clocks mean-impute missing clock CpGs)
7512578059_R06C02,Horvath1,PC,43.65859658,years,methylCIPHER,https://github.com/HigginsChenLab/methylCIPHER,9e8c1e55f53c3fdeaf32a38cc8ef109be8b2a8c8,4.6.1,0.2.0,calcPCClocks:PCHorvath1,mean (methylCIPHER default: PC clocks mean-impute missing clock CpGs)
7786915157_R01C01,Horvath1,PC,61.68065507,years,methylCIPHER,https://github.com/HigginsChenLab/methylCIPHER,9e8c1e55f53c3fdeaf32a38cc8ef109be8b2a8c8,4.6.1,0.2.0,calcPCClocks:PCHorvath1,mean (methylCIPHER default: PC clocks mean-impute missing clock CpGs)
7786915157_R02C01,Horvath1,PC,66.87822513,years,methylCIPHER,https://github.com/HigginsChenLab/methylCIPHER,9e8c1e55f53c3fdeaf32a38cc8ef109be8b2a8c8,4.6.1,0.2.0,calcPCClocks:PCHorvath1,mean (methylCIPHER default: PC clocks mean-impute missing clock CpGs)
7786915157_R02C02,Horvath1,PC,58.20541588,years,methylCIPHER,https://github.com/HigginsChenLab/methylCIPHER,9e8c1e55f53c3fdeaf32a38cc8ef109be8b2a8c8,4.6.1,0.2.0,calcPCClocks:PCHorvath1,mean (methylCIPHER default: PC clocks mean-impute missing clock CpGs)
7786915157_R03C02,Horvath1,PC,48.28246766,years,methylCIPHER,https://github.com/HigginsChenLab/methylCIPHER,9e8c1e55f53c3fdeaf32a38cc8ef109be8b2a8c8,4.6.1,0.2.0,calcPCClocks:PCHorvath1,mean (methylCIPHER default: PC clocks mean-impute missing clock CpGs)
7471147067_R02C02,Horvath1,PC,51.91482743,years,methylCIPHER,https://github.com/HigginsChenLab/methylCIPHER,9e8c1e55f53c3fdeaf32a38cc8ef109be8b2a8c8,4.6.1,0.2.0,calcPCClocks:PCHorvath1,mean (methylCIPHER default: PC clocks mean-impute missing clock CpGs)
7786915157_R05C01,Horvath1,PC,64.61957405,years,methylCIPHER,https://github.com/HigginsChenLab/methylCIPHER,9e8c1e55f53c3fdeaf32a38cc8ef109be8b2a8c8,4.6.1,0.2.0,calcPCClocks:PCHorvath1,mean (methylCIPHER default: PC clocks mean-impute missing clock CpGs)
7786915157_R05C02,Horvath1,PC,53.25729441,years,methylCIPHER,https://github.com/HigginsChenLab/methylCIPHER,9e8c1e55f53c3fdeaf32a38cc8ef109be8b2a8c8,4.6.1,0.2.0,calcPCClocks:PCHorvath1,mean (methylCIPHER default: PC clocks mean-impute missing clock CpGs)
7786915157_R06C02,Horvath1,PC,56.32968177,years,methylCIPHER,https://github.com/HigginsChenLab/methylCIPHER,9e8c1e55f53c3fdeaf32a38cc8ef109be8b2a8c8,4.6.1,0.2.0,calcPCClocks:PCHorvath1,mean (methylCIPHER default: PC clocks mean-impute missing clock CpGs)
7512560138_R03C01,Horvath1,PC,51.68519337,years,methylCIPHER,https://github.com/HigginsChenLab/methylCIPHER,9e8c1e55f53c3fdeaf32a38cc8ef109be8b2a8c8,4.6.1,0.2.0,calcPCClocks:PCHorvath1,mean (methylCIPHER default: PC clocks mean-impute missing clock CpGs)
7786915048_R04C01,Horvath1,PC,64.58133892,years,methylCIPHER,https://github.com/HigginsChenLab/methylCIPHER,9e8c1e55f53c3fdeaf32a38cc8ef109be8b2a8c8,4.6.1,0.2.0,calcPCClocks:PCHorvath1,mean (methylCIPHER default: PC clocks mean-impute missing clock CpGs)
7786923077_R04C01,Horvath1,PC,67.73930861,years,methylCIPHER,https://github.com/HigginsChenLab/methylCIPHER,9e8c1e55f53c3fdeaf32a38cc8ef109be8b2a8c8,4.6.1,0.2.0,calcPCClocks:PCHorvath1,mean (methylCIPHER default: PC clocks mean-impute missing clock CpGs)
7512560138_R01C01,Horvath1,PC,65.12580509,years,methylCIPHER,https://github.com/HigginsChenLab/methylCIPHER,9e8c1e55f53c3fdeaf32a38cc8ef109be8b2a8c8,4.6.1,0.2.0,calcPCClocks:PCHorvath1,mean (methylCIPHER default: PC clocks mean-impute missing clock CpGs)
7512560138_R02C01,Horvath1,PC,55.09998473,years,methylCIPHER,https://github.com/HigginsChenLab/methylCIPHER,9e8c1e55f53c3fdeaf32a38cc8ef109be8b2a8c8,4.6.1,0.2.0,calcPCClocks:PCHorvath1,mean (methylCIPHER default: PC clocks mean-impute missing clock CpGs)
7786923035_R01C01,Horvath1,PC,48.50850497,years,methylCIPHER,https://github.com/HigginsChenLab/methylCIPHER,9e8c1e55f53c3fdeaf32a38cc8ef109be8b2a8c8,4.6.1,0.2.0,calcPCClocks:PCHorvath1,mean (methylCIPHER default: PC clocks mean-impute missing clock CpGs)
7512578059_R01C02,Horvath1,PC,50.23348175,years,methylCIPHER,https://github.com/HigginsChenLab/methylCIPHER,9e8c1e55f53c3fdeaf32a38cc8ef109be8b2a8c8,4.6.1,0.2.0,calcPCClocks:PCHorvath1,mean (methylCIPHER default: PC clocks mean-impute missing clock CpGs)
7512578059_R02C02,Horvath1,PC,49.23149574,years,methylCIPHER,https://github.com/HigginsChenLab/methylCIPHER,9e8c1e55f53c3fdeaf32a38cc8ef109be8b2a8c8,4.6.1,0.2.0,calcPCClocks:PCHorvath1,mean (methylCIPHER default: PC clocks mean-impute missing clock CpGs)
7512578059_R03C02,Horvath1,PC,48.51194534,years,methylCIPHER,https://github.com/HigginsChenLab/methylCIPHER,9e8c1e55f53c3fdeaf32a38cc8ef109be8b2a8c8,4.6.1,0.2.0,calcPCClocks:PCHorvath1,mean (methylCIPHER default: PC clocks mean-impute missing clock CpGs)
7512578059_R05C02,Horvath1,PC,61.81511442,years,methylCIPHER,https://github.com/HigginsChenLab/methylCIPHER,9e8c1e55f53c3fdeaf32a38cc8ef109be8b2a8c8,4.6.1,0.2.0,calcPCClocks:PCHorvath1,mean (methylCIPHER default: PC clocks mean-impute missing clock CpGs)
7786915157_R01C02,Horvath1,PC,55.64521094,years,methylCIPHER,https://github.com/HigginsChenLab/methylCIPHER,9e8c1e55f53c3fdeaf32a38cc8ef109be8b2a8c8,4.6.1,0.2.0,calcPCClocks:PCHorvath1,mean (methylCIPHER default: PC clocks mean-impute missing clock CpGs)
7786915047_R02C02,Horvath1,PC,54.13026753,years,methylCIPHER,https://github.com/HigginsChenLab/methylCIPHER,9e8c1e55f53c3fdeaf32a38cc8ef109be8b2a8c8,4.6.1,0.2.0,calcPCClocks:PCHorvath1,mean (methylCIPHER default: PC clocks mean-impute missing clock CpGs)
7786915157_R03C01,Horvath1,PC,54.18304384,years,methylCIPHER,https://github.com/HigginsChenLab/methylCIPHER,9e8c1e55f53c3fdeaf32a38cc8ef109be8b2a8c8,4.6.1,0.2.0,calcPCClocks:PCHorvath1,mean (methylCIPHER default: PC clocks mean-impute missing clock CpGs)
7786915157_R04C01,Horvath1,PC,46.45013345,years,methylCIPHER,https://github.com/HigginsChenLab/methylCIPHER,9e8c1e55f53c3fdeaf32a38cc8ef109be8b2a8c8,4.6.1,0.2.0,calcPCClocks:PCHorvath1,mean (methylCIPHER default: PC clocks mean-impute missing clock CpGs)
7786915157_R04C02,Horvath1,PC,56.51830933,years,methylCIPHER,https://github.com/HigginsChenLab/methylCIPHER,9e8c1e55f53c3fdeaf32a38cc8ef109be8b2a8c8,4.6.1,0.2.0,calcPCClocks:PCHorvath1,mean (methylCIPHER default: PC clocks mean-impute missing clock CpGs)
7786915157_R06C01,Horvath1,PC,62.40449025,years,methylCIPHER,https://github.com/HigginsChenLab/methylCIPHER,9e8c1e55f53c3fdeaf32a38cc8ef109be8b2a8c8,4.6.1,0.2.0,calcPCClocks:PCHorvath1,mean (methylCIPHER default: PC clocks mean-impute missing clock CpGs)
7471147081_R06C01,Horvath1,PC,54.0761385,years,methylCIPHER,https://github.com/HigginsChenLab/methylCIPHER,9e8c1e55f53c3fdeaf32a38cc8ef109be8b2a8c8,4.6.1,0.2.0,calcPCClocks:PCHorvath1,mean (methylCIPHER default: PC clocks mean-impute missing clock CpGs)
7786915035_R05C01,Horvath1,PC,50.54469026,years,methylCIPHER,https://github.com/HigginsChenLab/methylCIPHER,9e8c1e55f53c3fdeaf32a38cc8ef109be8b2a8c8,4.6.1,0.2.0,calcPCClocks:PCHorvath1,mean (methylCIPHER default: PC clocks mean-impute missing clock CpGs)
7512551008_R06C01,Horvath1,PC,54.33696691,years,methylCIPHER,https://github.com/HigginsChenLab/methylCIPHER,9e8c1e55f53c3fdeaf32a38cc8ef109be8b2a8c8,4.6.1,0.2.0,calcPCClocks:PCHorvath1,mean (methylCIPHER default: PC clocks mean-impute missing clock CpGs)
7786915069_R03C01,Horvath1,PC,65.34018896,years,methylCIPHER,https://github.com/HigginsChenLab/methylCIPHER,9e8c1e55f53c3fdeaf32a38cc8ef109be8b2a8c8,4.6.1,0.2.0,calcPCClocks:PCHorvath1,mean (methylCIPHER default: PC clocks mean-impute missing clock CpGs)
7512551008_R05C02,Horvath1,PC,53.33388946,years,methylCIPHER,https://github.com/HigginsChenLab/methylCIPHER,9e8c1e55f53c3fdeaf32a38cc8ef109be8b2a8c8,4.6.1,0.2.0,calcPCClocks:PCHorvath1,mean (methylCIPHER default: PC clocks mean-impute missing clock CpGs)
7471147034_R03C01,Hannum,PC,58.28112577,years,methylCIPHER,https://github.com/HigginsChenLab/methylCIPHER,9e8c1e55f53c3fdeaf32a38cc8ef109be8b2a8c8,4.6.1,0.2.0,calcPCClocks:PCHannum,mean (methylCIPHER default: PC clocks mean-impute missing clock CpGs)
7471147069_R02C02,Hannum,PC,51.03614761,years,methylCIPHER,https://github.com/HigginsChenLab/methylCIPHER,9e8c1e55f53c3fdeaf32a38cc8ef109be8b2a8c8,4.6.1,0.2.0,calcPCClocks:PCHannum,mean (methylCIPHER default: PC clocks mean-impute missing clock CpGs)
7471147072_R01C02,Hannum,PC,62.32598244,years,methylCIPHER,https://github.com/HigginsChenLab/methylCIPHER,9e8c1e55f53c3fdeaf32a38cc8ef109be8b2a8c8,4.6.1,0.2.0,calcPCClocks:PCHannum,mean (methylCIPHER default: PC clocks mean-impute missing clock CpGs)
7471147089_R06C01,Hannum,PC,62.94479798,years,methylCIPHER,https://github.com/HigginsChenLab/methylCIPHER,9e8c1e55f53c3fdeaf32a38cc8ef109be8b2a8c8,4.6.1,0.2.0,calcPCClocks:PCHannum,mean (methylCIPHER default: PC clocks mean-impute missing clock CpGs)
7471147107_R05C02,Hannum,PC,68.48924449,years,methylCIPHER,https://github.com/HigginsChenLab/methylCIPHER,9e8c1e55f53c3fdeaf32a38cc8ef109be8b2a8c8,4.6.1,0.2.0,calcPCClocks:PCHannum,mean (methylCIPHER default: PC clocks mean-impute missing clock CpGs)
7471147134_R02C01,Hannum,PC,48.8882183,years,methylCIPHER,https://github.com/HigginsChenLab/methylCIPHER,9e8c1e55f53c3fdeaf32a38cc8ef109be8b2a8c8,4.6.1,0.2.0,calcPCClocks:PCHannum,mean (methylCIPHER default: PC clocks mean-impute missing clock CpGs)
7471147145_R06C01,Hannum,PC,59.95189579,years,methylCIPHER,https://github.com/HigginsChenLab/methylCIPHER,9e8c1e55f53c3fdeaf32a38cc8ef109be8b2a8c8,4.6.1,0.2.0,calcPCClocks:PCHannum,mean (methylCIPHER default: PC clocks mean-impute missing clock CpGs)
7471147149_R06C01,Hannum,PC,54.88914726,years,methylCIPHER,https://github.com/HigginsChenLab/methylCIPHER,9e8c1e55f53c3fdeaf32a38cc8ef109be8b2a8c8,4.6.1,0.2.0,calcPCClocks:PCHannum,mean (methylCIPHER default: PC clocks mean-impute missing clock CpGs)
7507875153_R03C02,Hannum,PC,66.68525909,years,methylCIPHER,https://github.com/HigginsChenLab/methylCIPHER,9e8c1e55f53c3fdeaf32a38cc8ef109be8b2a8c8,4.6.1,0.2.0,calcPCClocks:PCHannum,mean (methylCIPHER default: PC clocks mean-impute missing clock CpGs)
7507875154_R05C01,Hannum,PC,55.64007267,years,methylCIPHER,https://github.com/HigginsChenLab/methylCIPHER,9e8c1e55f53c3fdeaf32a38cc8ef109be8b2a8c8,4.6.1,0.2.0,calcPCClocks:PCHannum,mean (methylCIPHER default: PC clocks mean-impute missing clock CpGs)
7512560087_R03C01,Hannum,PC,65.54863615,years,methylCIPHER,https://github.com/HigginsChenLab/methylCIPHER,9e8c1e55f53c3fdeaf32a38cc8ef109be8b2a8c8,4.6.1,0.2.0,calcPCClocks:PCHannum,mean (methylCIPHER default: PC clocks mean-impute missing clock CpGs)
7786915023_R02C02,Hannum,PC,63.12331484,years,methylCIPHER,https://github.com/HigginsChenLab/methylCIPHER,9e8c1e55f53c3fdeaf32a38cc8ef109be8b2a8c8,4.6.1,0.2.0,calcPCClocks:PCHannum,mean (methylCIPHER default: PC clocks mean-impute missing clock CpGs)
7786915052_R01C01,Hannum,PC,63.16931951,years,methylCIPHER,https://github.com/HigginsChenLab/methylCIPHER,9e8c1e55f53c3fdeaf32a38cc8ef109be8b2a8c8,4.6.1,0.2.0,calcPCClocks:PCHannum,mean (methylCIPHER default: PC clocks mean-impute missing clock CpGs)
7786915105_R02C01,Hannum,PC,65.16415907,years,methylCIPHER,https://github.com/HigginsChenLab/methylCIPHER,9e8c1e55f53c3fdeaf32a38cc8ef109be8b2a8c8,4.6.1,0.2.0,calcPCClocks:PCHannum,mean (methylCIPHER default: PC clocks mean-impute missing clock CpGs)
7786915135_R04C02,Hannum,PC,55.60392926,years,methylCIPHER,https://github.com/HigginsChenLab/methylCIPHER,9e8c1e55f53c3fdeaf32a38cc8ef109be8b2a8c8,4.6.1,0.2.0,calcPCClocks:PCHannum,mean (methylCIPHER default: PC clocks mean-impute missing clock CpGs)
7786915153_R05C01,Hannum,PC,72.74893947,years,methylCIPHER,https://github.com/HigginsChenLab/methylCIPHER,9e8c1e55f53c3fdeaf32a38cc8ef109be8b2a8c8,4.6.1,0.2.0,calcPCClocks:PCHannum,mean (methylCIPHER default: PC clocks mean-impute missing clock CpGs)
7786923001_R06C01,Hannum,PC,60.66323374,years,methylCIPHER,https://github.com/HigginsChenLab/methylCIPHER,9e8c1e55f53c3fdeaf32a38cc8ef109be8b2a8c8,4.6.1,0.2.0,calcPCClocks:PCHannum,mean (methylCIPHER default: PC clocks mean-impute missing clock CpGs)
7786923023_R02C01,Hannum,PC,68.01492307,years,methylCIPHER,https://github.com/HigginsChenLab/methylCIPHER,9e8c1e55f53c3fdeaf32a38cc8ef109be8b2a8c8,4.6.1,0.2.0,calcPCClocks:PCHannum,mean (methylCIPHER default: PC clocks mean-impute missing clock CpGs)
7786923028_R03C01,Hannum,PC,59.96259111,years,methylCIPHER,https://github.com/HigginsChenLab/methylCIPHER,9e8c1e55f53c3fdeaf32a38cc8ef109be8b2a8c8,4.6.1,0.2.0,calcPCClocks:PCHannum,mean (methylCIPHER default: PC clocks mean-impute missing clock CpGs)
7786923028_R05C02,Hannum,PC,58.86015616,years,methylCIPHER,https://github.com/HigginsChenLab/methylCIPHER,9e8c1e55f53c3fdeaf32a38cc8ef109be8b2a8c8,4.6.1,0.2.0,calcPCClocks:PCHannum,mean (methylCIPHER default: PC clocks mean-impute missing clock CpGs)
7786923038_R03C02,Hannum,PC,56.02091578,years,methylCIPHER,https://github.com/HigginsChenLab/methylCIPHER,9e8c1e55f53c3fdeaf32a38cc8ef109be8b2a8c8,4.6.1,0.2.0,calcPCClocks:PCHannum,mean (methylCIPHER default: PC clocks mean-impute missing clock CpGs)
7786923050_R03C01,Hannum,PC,51.87937092,years,methylCIPHER,https://github.com/HigginsChenLab/methylCIPHER,9e8c1e55f53c3fdeaf32a38cc8ef109be8b2a8c8,4.6.1,0.2.0,calcPCClocks:PCHannum,mean (methylCIPHER default: PC clocks mean-impute missing clock CpGs)
7786923066_R01C01,Hannum,PC,47.19779632,years,methylCIPHER,https://github.com/HigginsChenLab/methylCIPHER,9e8c1e55f53c3fdeaf32a38cc8ef109be8b2a8c8,4.6.1,0.2.0,calcPCClocks:PCHannum,mean (methylCIPHER default: PC clocks mean-impute missing clock CpGs)
7786923067_R06C01,Hannum,PC,69.83114881,years,methylCIPHER,https://github.com/HigginsChenLab/methylCIPHER,9e8c1e55f53c3fdeaf32a38cc8ef109be8b2a8c8,4.6.1,0.2.0,calcPCClocks:PCHannum,mean (methylCIPHER default: PC clocks mean-impute missing clock CpGs)
7796814020_R04C02,Hannum,PC,82.11112643,years,methylCIPHER,https://github.com/HigginsChenLab/methylCIPHER,9e8c1e55f53c3fdeaf32a38cc8ef109be8b2a8c8,4.6.1,0.2.0,calcPCClocks:PCHannum,mean (methylCIPHER default: PC clocks mean-impute missing clock CpGs)
7512560138_R04C01,Hannum,PC,47.91996662,years,methylCIPHER,https://github.com/HigginsChenLab/methylCIPHER,9e8c1e55f53c3fdeaf32a38cc8ef109be8b2a8c8,4.6.1,0.2.0,calcPCClocks:PCHannum,mean (methylCIPHER default: PC clocks mean-impute missing clock CpGs)
7512560138_R05C01,Hannum,PC,62.07787945,years,methylCIPHER,https://github.com/HigginsChenLab/methylCIPHER,9e8c1e55f53c3fdeaf32a38cc8ef109be8b2a8c8,4.6.1,0.2.0,calcPCClocks:PCHannum,mean (methylCIPHER default: PC clocks mean-impute missing clock CpGs)
7512560138_R06C01,Hannum,PC,69.87077311,years,methylCIPHER,https://github.com/HigginsChenLab/methylCIPHER,9e8c1e55f53c3fdeaf32a38cc8ef109be8b2a8c8,4.6.1,0.2.0,calcPCClocks:PCHannum,mean (methylCIPHER default: PC clocks mean-impute missing clock CpGs)
7786915116_R06C02,Hannum,PC,56.15019509,years,methylCIPHER,https://github.com/HigginsChenLab/methylCIPHER,9e8c1e55f53c3fdeaf32a38cc8ef109be8b2a8c8,4.6.1,0.2.0,calcPCClocks:PCHannum,mean (methylCIPHER default: PC clocks mean-impute missing clock CpGs)
7471147022_R02C02,Hannum,PC,60.59882805,years,methylCIPHER,https://github.com/HigginsChenLab/methylCIPHER,9e8c1e55f53c3fdeaf32a38cc8ef109be8b2a8c8,4.6.1,0.2.0,calcPCClocks:PCHannum,mean (methylCIPHER default: PC clocks mean-impute missing clock CpGs)
7786915075_R05C01,Hannum,PC,74.65062146,years,methylCIPHER,https://github.com/HigginsChenLab/methylCIPHER,9e8c1e55f53c3fdeaf32a38cc8ef109be8b2a8c8,4.6.1,0.2.0,calcPCClocks:PCHannum,mean (methylCIPHER default: PC clocks mean-impute missing clock CpGs)
7512551008_R01C01,Hannum,PC,55.15471233,years,methylCIPHER,https://github.com/HigginsChenLab/methylCIPHER,9e8c1e55f53c3fdeaf32a38cc8ef109be8b2a8c8,4.6.1,0.2.0,calcPCClocks:PCHannum,mean (methylCIPHER default: PC clocks mean-impute missing clock CpGs)
7512551008_R01C02,Hannum,PC,63.14068311,years,methylCIPHER,https://github.com/HigginsChenLab/methylCIPHER,9e8c1e55f53c3fdeaf32a38cc8ef109be8b2a8c8,4.6.1,0.2.0,calcPCClocks:PCHannum,mean (methylCIPHER default: PC clocks mean-impute missing clock CpGs)
7512551008_R02C01,Hannum,PC,83.2377832,years,methylCIPHER,https://github.com/HigginsChenLab/methylCIPHER,9e8c1e55f53c3fdeaf32a38cc8ef109be8b2a8c8,4.6.1,0.2.0,calcPCClocks:PCHannum,mean (methylCIPHER default: PC clocks mean-impute missing clock CpGs)
7512551008_R02C02,Hannum,PC,65.95500064,years,methylCIPHER,https://github.com/HigginsChenLab/methylCIPHER,9e8c1e55f53c3fdeaf32a38cc8ef109be8b2a8c8,4.6.1,0.2.0,calcPCClocks:PCHannum,mean (methylCIPHER default: PC clocks mean-impute missing clock CpGs)
7512551008_R03C01,Hannum,PC,68.62016785,years,methylCIPHER,https://github.com/HigginsChenLab/methylCIPHER,9e8c1e55f53c3fdeaf32a38cc8ef109be8b2a8c8,4.6.1,0.2.0,calcPCClocks:PCHannum,mean (methylCIPHER default: PC clocks mean-impute missing clock CpGs)
7512551008_R03C02,Hannum,PC,62.52264533,years,methylCIPHER,https://github.com/HigginsChenLab/methylCIPHER,9e8c1e55f53c3fdeaf32a38cc8ef109be8b2a8c8,4.6.1,0.2.0,calcPCClocks:PCHannum,mean (methylCIPHER default: PC clocks mean-impute missing clock CpGs)
7512551008_R04C01,Hannum,PC,58.56157185,years,methylCIPHER,https://github.com/HigginsChenLab/methylCIPHER,9e8c1e55f53c3fdeaf32a38cc8ef109be8b2a8c8,4.6.1,0.2.0,calcPCClocks:PCHannum,mean (methylCIPHER default: PC clocks mean-impute missing clock CpGs)
7512551008_R04C02,Hannum,PC,71.79537022,years,methylCIPHER,https://github.com/HigginsChenLab/methylCIPHER,9e8c1e55f53c3fdeaf32a38cc8ef109be8b2a8c8,4.6.1,0.2.0,calcPCClocks:PCHannum,mean (methylCIPHER default: PC clocks mean-impute missing clock CpGs)
7512551008_R05C01,Hannum,PC,69.55321233,years,methylCIPHER,https://github.com/HigginsChenLab/methylCIPHER,9e8c1e55f53c3fdeaf32a38cc8ef109be8b2a8c8,4.6.1,0.2.0,calcPCClocks:PCHannum,mean (methylCIPHER default: PC clocks mean-impute missing clock CpGs)
7512551008_R06C02,Hannum,PC,60.09918855,years,methylCIPHER,https://github.com/HigginsChenLab/methylCIPHER,9e8c1e55f53c3fdeaf32a38cc8ef109be8b2a8c8,4.6.1,0.2.0,calcPCClocks:PCHannum,mean (methylCIPHER default: PC clocks mean-impute missing clock CpGs)
7512578059_R04C02,Hannum,PC,55.94590017,years,methylCIPHER,https://github.com/HigginsChenLab/methylCIPHER,9e8c1e55f53c3fdeaf32a38cc8ef109be8b2a8c8,4.6.1,0.2.0,calcPCClocks:PCHannum,mean (methylCIPHER default: PC clocks mean-impute missing clock CpGs)
7512578059_R06C02,Hannum,PC,47.57992593,years,methylCIPHER,https://github.com/HigginsChenLab/methylCIPHER,9e8c1e55f53c3fdeaf32a38cc8ef109be8b2a8c8,4.6.1,0.2.0,calcPCClocks:PCHannum,mean (methylCIPHER default: PC clocks mean-impute missing clock CpGs)
7786915157_R01C01,Hannum,PC,65.15901999,years,methylCIPHER,https://github.com/HigginsChenLab/methylCIPHER,9e8c1e55f53c3fdeaf32a38cc8ef109be8b2a8c8,4.6.1,0.2.0,calcPCClocks:PCHannum,mean (methylCIPHER default: PC clocks mean-impute missing clock CpGs)
7786915157_R02C01,Hannum,PC,72.0711372,years,methylCIPHER,https://github.com/HigginsChenLab/methylCIPHER,9e8c1e55f53c3fdeaf32a38cc8ef109be8b2a8c8,4.6.1,0.2.0,calcPCClocks:PCHannum,mean (methylCIPHER default: PC clocks mean-impute missing clock CpGs)
7786915157_R02C02,Hannum,PC,64.02587121,years,methylCIPHER,https://github.com/HigginsChenLab/methylCIPHER,9e8c1e55f53c3fdeaf32a38cc8ef109be8b2a8c8,4.6.1,0.2.0,calcPCClocks:PCHannum,mean (methylCIPHER default: PC clocks mean-impute missing clock CpGs)
7786915157_R03C02,Hannum,PC,51.88809855,years,methylCIPHER,https://github.com/HigginsChenLab/methylCIPHER,9e8c1e55f53c3fdeaf32a38cc8ef109be8b2a8c8,4.6.1,0.2.0,calcPCClocks:PCHannum,mean (methylCIPHER default: PC clocks mean-impute missing clock CpGs)
7471147067_R02C02,Hannum,PC,57.61833648,years,methylCIPHER,https://github.com/HigginsChenLab/methylCIPHER,9e8c1e55f53c3fdeaf32a38cc8ef109be8b2a8c8,4.6.1,0.2.0,calcPCClocks:PCHannum,mean (methylCIPHER default: PC clocks mean-impute missing clock CpGs)
7786915157_R05C01,Hannum,PC,70.17327388,years,methylCIPHER,https://github.com/HigginsChenLab/methylCIPHER,9e8c1e55f53c3fdeaf32a38cc8ef109be8b2a8c8,4.6.1,0.2.0,calcPCClocks:PCHannum,mean (methylCIPHER default: PC clocks mean-impute missing clock CpGs)
7786915157_R05C02,Hannum,PC,55.8613108,years,methylCIPHER,https://github.com/HigginsChenLab/methylCIPHER,9e8c1e55f53c3fdeaf32a38cc8ef109be8b2a8c8,4.6.1,0.2.0,calcPCClocks:PCHannum,mean (methylCIPHER default: PC clocks mean-impute missing clock CpGs)
7786915157_R06C02,Hannum,PC,58.83425117,years,methylCIPHER,https://github.com/HigginsChenLab/methylCIPHER,9e8c1e55f53c3fdeaf32a38cc8ef109be8b2a8c8,4.6.1,0.2.0,calcPCClocks:PCHannum,mean (methylCIPHER default: PC clocks mean-impute missing clock CpGs)
7512560138_R03C01,Hannum,PC,55.51203641,years,methylCIPHER,https://github.com/HigginsChenLab/methylCIPHER,9e8c1e55f53c3fdeaf32a38cc8ef109be8b2a8c8,4.6.1,0.2.0,calcPCClocks:PCHannum,mean (methylCIPHER default: PC clocks mean-impute missing clock CpGs)
7786915048_R04C01,Hannum,PC,69.71075887,years,methylCIPHER,https://github.com/HigginsChenLab/methylCIPHER,9e8c1e55f53c3fdeaf32a38cc8ef109be8b2a8c8,4.6.1,0.2.0,calcPCClocks:PCHannum,mean (methylCIPHER default: PC clocks mean-impute missing clock CpGs)
7786923077_R04C01,Hannum,PC,70.78465644,years,methylCIPHER,https://github.com/HigginsChenLab/methylCIPHER,9e8c1e55f53c3fdeaf32a38cc8ef109be8b2a8c8,4.6.1,0.2.0,calcPCClocks:PCHannum,mean (methylCIPHER default: PC clocks mean-impute missing clock CpGs)
7512560138_R01C01,Hannum,PC,74.8057093,years,methylCIPHER,https://github.com/HigginsChenLab/methylCIPHER,9e8c1e55f53c3fdeaf32a38cc8ef109be8b2a8c8,4.6.1,0.2.0,calcPCClocks:PCHannum,mean (methylCIPHER default: PC clocks mean-impute missing clock CpGs)
7512560138_R02C01,Hannum,PC,60.87553887,years,methylCIPHER,https://github.com/HigginsChenLab/methylCIPHER,9e8c1e55f53c3fdeaf32a38cc8ef109be8b2a8c8,4.6.1,0.2.0,calcPCClocks:PCHannum,mean (methylCIPHER default: PC clocks mean-impute missing clock CpGs)
7786923035_R01C01,Hannum,PC,58.31744776,years,methylCIPHER,https://github.com/HigginsChenLab/methylCIPHER,9e8c1e55f53c3fdeaf32a38cc8ef109be8b2a8c8,4.6.1,0.2.0,calcPCClocks:PCHannum,mean (methylCIPHER default: PC clocks mean-impute missing clock CpGs)
7512578059_R01C02,Hannum,PC,55.3008474,years,methylCIPHER,https://github.com/HigginsChenLab/methylCIPHER,9e8c1e55f53c3fdeaf32a38cc8ef109be8b2a8c8,4.6.1,0.2.0,calcPCClocks:PCHannum,mean (methylCIPHER default: PC clocks mean-impute missing clock CpGs)
7512578059_R02C02,Hannum,PC,55.93917772,years,methylCIPHER,https://github.com/HigginsChenLab/methylCIPHER,9e8c1e55f53c3fdeaf32a38cc8ef109be8b2a8c8,4.6.1,0.2.0,calcPCClocks:PCHannum,mean (methylCIPHER default: PC clocks mean-impute missing clock CpGs)
7512578059_R03C02,Hannum,PC,58.75982373,years,methylCIPHER,https://github.com/HigginsChenLab/methylCIPHER,9e8c1e55f53c3fdeaf32a38cc8ef109be8b2a8c8,4.6.1,0.2.0,calcPCClocks:PCHannum,mean (methylCIPHER default: PC clocks mean-impute missing clock CpGs)
7512578059_R05C02,Hannum,PC,66.14416365,years,methylCIPHER,https://github.com/HigginsChenLab/methylCIPHER,9e8c1e55f53c3fdeaf32a38cc8ef109be8b2a8c8,4.6.1,0.2.0,calcPCClocks:PCHannum,mean (methylCIPHER default: PC clocks mean-impute missing clock CpGs)
7786915157_R01C02,Hannum,PC,60.01647497,years,methylCIPHER,https://github.com/HigginsChenLab/methylCIPHER,9e8c1e55f53c3fdeaf32a38cc8ef109be8b2a8c8,4.6.1,0.2.0,calcPCClocks:PCHannum,mean (methylCIPHER default: PC clocks mean-impute missing clock CpGs)
7786915047_R02C02,Hannum,PC,62.49669708,years,methylCIPHER,https://github.com/HigginsChenLab/methylCIPHER,9e8c1e55f53c3fdeaf32a38cc8ef109be8b2a8c8,4.6.1,0.2.0,calcPCClocks:PCHannum,mean (methylCIPHER default: PC clocks mean-impute missing clock CpGs)
7786915157_R03C01,Hannum,PC,62.54246034,years,methylCIPHER,https://github.com/HigginsChenLab/methylCIPHER,9e8c1e55f53c3fdeaf32a38cc8ef109be8b2a8c8,4.6.1,0.2.0,calcPCClocks:PCHannum,mean (methylCIPHER default: PC clocks mean-impute missing clock CpGs)
7786915157_R04C01,Hannum,PC,52.27254911,years,methylCIPHER,https://github.com/HigginsChenLab/methylCIPHER,9e8c1e55f53c3fdeaf32a38cc8ef109be8b2a8c8,4.6.1,0.2.0,calcPCClocks:PCHannum,mean (methylCIPHER default: PC clocks mean-impute missing clock CpGs)
7786915157_R04C02,Hannum,PC,60.63764989,years,methylCIPHER,https://github.com/HigginsChenLab/methylCIPHER,9e8c1e55f53c3fdeaf32a38cc8ef109be8b2a8c8,4.6.1,0.2.0,calcPCClocks:PCHannum,mean (methylCIPHER default: PC clocks mean-impute missing clock CpGs)
7786915157_R06C01,Hannum,PC,67.62566022,years,methylCIPHER,https://github.com/HigginsChenLab/methylCIPHER,9e8c1e55f53c3fdeaf32a38cc8ef109be8b2a8c8,4.6.1,0.2.0,calcPCClocks:PCHannum,mean (methylCIPHER default: PC clocks mean-impute missing clock CpGs)
7471147081_R06C01,Hannum,PC,57.95291548,years,methylCIPHER,https://github.com/HigginsChenLab/methylCIPHER,9e8c1e55f53c3fdeaf32a38cc8ef109be8b2a8c8,4.6.1,0.2.0,calcPCClocks:PCHannum,mean (methylCIPHER default: PC clocks mean-impute missing clock CpGs)
7786915035_R05C01,Hannum,PC,55.4764358,years,methylCIPHER,https://github.com/HigginsChenLab/methylCIPHER,9e8c1e55f53c3fdeaf32a38cc8ef109be8b2a8c8,4.6.1,0.2.0,calcPCClocks:PCHannum,mean (methylCIPHER default: PC clocks mean-impute missing clock CpGs)
7512551008_R06C01,Hannum,PC,58.52017896,years,methylCIPHER,https://github.com/HigginsChenLab/methylCIPHER,9e8c1e55f53c3fdeaf32a38cc8ef109be8b2a8c8,4.6.1,0.2.0,calcPCClocks:PCHannum,mean (methylCIPHER default: PC clocks mean-impute missing clock CpGs)
7786915069_R03C01,Hannum,PC,69.60607929,years,methylCIPHER,https://github.com/HigginsChenLab/methylCIPHER,9e8c1e55f53c3fdeaf32a38cc8ef109be8b2a8c8,4.6.1,0.2.0,calcPCClocks:PCHannum,mean (methylCIPHER default: PC clocks mean-impute missing clock CpGs)
7512551008_R05C02,Hannum,PC,60.98784177,years,methylCIPHER,https://github.com/HigginsChenLab/methylCIPHER,9e8c1e55f53c3fdeaf32a38cc8ef109be8b2a8c8,4.6.1,0.2.0,calcPCClocks:PCHannum,mean (methylCIPHER default: PC clocks mean-impute missing clock CpGs)
7471147034_R03C01,PhenoAge,PC,49.97462343,years,methylCIPHER,https://github.com/HigginsChenLab/methylCIPHER,9e8c1e55f53c3fdeaf32a38cc8ef109be8b2a8c8,4.6.1,0.2.0,calcPCClocks:PCPhenoAge,mean (methylCIPHER default: PC clocks mean-impute missing clock CpGs)
7471147069_R02C02,PhenoAge,PC,38.4243462,years,methylCIPHER,https://github.com/HigginsChenLab/methylCIPHER,9e8c1e55f53c3fdeaf32a38cc8ef109be8b2a8c8,4.6.1,0.2.0,calcPCClocks:PCPhenoAge,mean (methylCIPHER default: PC clocks mean-impute missing clock CpGs)
7471147072_R01C02,PhenoAge,PC,57.46511757,years,methylCIPHER,https://github.com/HigginsChenLab/methylCIPHER,9e8c1e55f53c3fdeaf32a38cc8ef109be8b2a8c8,4.6.1,0.2.0,calcPCClocks:PCPhenoAge,mean (methylCIPHER default: PC clocks mean-impute missing clock CpGs)
7471147089_R06C01,PhenoAge,PC,55.23239735,years,methylCIPHER,https://github.com/HigginsChenLab/methylCIPHER,9e8c1e55f53c3fdeaf32a38cc8ef109be8b2a8c8,4.6.1,0.2.0,calcPCClocks:PCPhenoAge,mean (methylCIPHER default: PC clocks mean-impute missing clock CpGs)
7471147107_R05C02,PhenoAge,PC,59.43615529,years,methylCIPHER,https://github.com/HigginsChenLab/methylCIPHER,9e8c1e55f53c3fdeaf32a38cc8ef109be8b2a8c8,4.6.1,0.2.0,calcPCClocks:PCPhenoAge,mean (methylCIPHER default: PC clocks mean-impute missing clock CpGs)
7471147134_R02C01,PhenoAge,PC,37.73566027,years,methylCIPHER,https://github.com/HigginsChenLab/methylCIPHER,9e8c1e55f53c3fdeaf32a38cc8ef109be8b2a8c8,4.6.1,0.2.0,calcPCClocks:PCPhenoAge,mean (methylCIPHER default: PC clocks mean-impute missing clock CpGs)
7471147145_R06C01,PhenoAge,PC,46.63496131,years,methylCIPHER,https://github.com/HigginsChenLab/methylCIPHER,9e8c1e55f53c3fdeaf32a38cc8ef109be8b2a8c8,4.6.1,0.2.0,calcPCClocks:PCPhenoAge,mean (methylCIPHER default: PC clocks mean-impute missing clock CpGs)
7471147149_R06C01,PhenoAge,PC,44.06852402,years,methylCIPHER,https://github.com/HigginsChenLab/methylCIPHER,9e8c1e55f53c3fdeaf32a38cc8ef109be8b2a8c8,4.6.1,0.2.0,calcPCClocks:PCPhenoAge,mean (methylCIPHER default: PC clocks mean-impute missing clock CpGs)
7507875153_R03C02,PhenoAge,PC,55.55168913,years,methylCIPHER,https://github.com/HigginsChenLab/methylCIPHER,9e8c1e55f53c3fdeaf32a38cc8ef109be8b2a8c8,4.6.1,0.2.0,calcPCClocks:PCPhenoAge,mean (methylCIPHER default: PC clocks mean-impute missing clock CpGs)
7507875154_R05C01,PhenoAge,PC,46.16100092,years,methylCIPHER,https://github.com/HigginsChenLab/methylCIPHER,9e8c1e55f53c3fdeaf32a38cc8ef109be8b2a8c8,4.6.1,0.2.0,calcPCClocks:PCPhenoAge,mean (methylCIPHER default: PC clocks mean-impute missing clock CpGs)
7512560087_R03C01,PhenoAge,PC,57.12315591,years,methylCIPHER,https://github.com/HigginsChenLab/methylCIPHER,9e8c1e55f53c3fdeaf32a38cc8ef109be8b2a8c8,4.6.1,0.2.0,calcPCClocks:PCPhenoAge,mean (methylCIPHER default: PC clocks mean-impute missing clock CpGs)
7786915023_R02C02,PhenoAge,PC,48.16466823,years,methylCIPHER,https://github.com/HigginsChenLab/methylCIPHER,9e8c1e55f53c3fdeaf32a38cc8ef109be8b2a8c8,4.6.1,0.2.0,calcPCClocks:PCPhenoAge,mean (methylCIPHER default: PC clocks mean-impute missing clock CpGs)
7786915052_R01C01,PhenoAge,PC,53.31894847,years,methylCIPHER,https://github.com/HigginsChenLab/methylCIPHER,9e8c1e55f53c3fdeaf32a38cc8ef109be8b2a8c8,4.6.1,0.2.0,calcPCClocks:PCPhenoAge,mean (methylCIPHER default: PC clocks mean-impute missing clock CpGs)
7786915105_R02C01,PhenoAge,PC,54.65578167,years,methylCIPHER,https://github.com/HigginsChenLab/methylCIPHER,9e8c1e55f53c3fdeaf32a38cc8ef109be8b2a8c8,4.6.1,0.2.0,calcPCClocks:PCPhenoAge,mean (methylCIPHER default: PC clocks mean-impute missing clock CpGs)
7786915135_R04C02,PhenoAge,PC,43.04053959,years,methylCIPHER,https://github.com/HigginsChenLab/methylCIPHER,9e8c1e55f53c3fdeaf32a38cc8ef109be8b2a8c8,4.6.1,0.2.0,calcPCClocks:PCPhenoAge,mean (methylCIPHER default: PC clocks mean-impute missing clock CpGs)
7786915153_R05C01,PhenoAge,PC,61.3743432,years,methylCIPHER,https://github.com/HigginsChenLab/methylCIPHER,9e8c1e55f53c3fdeaf32a38cc8ef109be8b2a8c8,4.6.1,0.2.0,calcPCClocks:PCPhenoAge,mean (methylCIPHER default: PC clocks mean-impute missing clock CpGs)
7786923001_R06C01,PhenoAge,PC,53.45378564,years,methylCIPHER,https://github.com/HigginsChenLab/methylCIPHER,9e8c1e55f53c3fdeaf32a38cc8ef109be8b2a8c8,4.6.1,0.2.0,calcPCClocks:PCPhenoAge,mean (methylCIPHER default: PC clocks mean-impute missing clock CpGs)
7786923023_R02C01,PhenoAge,PC,51.52158186,years,methylCIPHER,https://github.com/HigginsChenLab/methylCIPHER,9e8c1e55f53c3fdeaf32a38cc8ef109be8b2a8c8,4.6.1,0.2.0,calcPCClocks:PCPhenoAge,mean (methylCIPHER default: PC clocks mean-impute missing clock CpGs)
7786923028_R03C01,PhenoAge,PC,49.96875256,years,methylCIPHER,https://github.com/HigginsChenLab/methylCIPHER,9e8c1e55f53c3fdeaf32a38cc8ef109be8b2a8c8,4.6.1,0.2.0,calcPCClocks:PCPhenoAge,mean (methylCIPHER default: PC clocks mean-impute missing clock CpGs)
7786923028_R05C02,PhenoAge,PC,50.10045133,years,methylCIPHER,https://github.com/HigginsChenLab/methylCIPHER,9e8c1e55f53c3fdeaf32a38cc8ef109be8b2a8c8,4.6.1,0.2.0,calcPCClocks:PCPhenoAge,mean (methylCIPHER default: PC clocks mean-impute missing clock CpGs)
7786923038_R03C02,PhenoAge,PC,48.71294492,years,methylCIPHER,https://github.com/HigginsChenLab/methylCIPHER,9e8c1e55f53c3fdeaf32a38cc8ef109be8b2a8c8,4.6.1,0.2.0,calcPCClocks:PCPhenoAge,mean (methylCIPHER default: PC clocks mean-impute missing clock CpGs)
7786923050_R03C01,PhenoAge,PC,40.46944027,years,methylCIPHER,https://github.com/HigginsChenLab/methylCIPHER,9e8c1e55f53c3fdeaf32a38cc8ef109be8b2a8c8,4.6.1,0.2.0,calcPCClocks:PCPhenoAge,mean (methylCIPHER default: PC clocks mean-impute missing clock CpGs)
7786923066_R01C01,PhenoAge,PC,37.38541405,years,methylCIPHER,https://github.com/HigginsChenLab/methylCIPHER,9e8c1e55f53c3fdeaf32a38cc8ef109be8b2a8c8,4.6.1,0.2.0,calcPCClocks:PCPhenoAge,mean (methylCIPHER default: PC clocks mean-impute missing clock CpGs)
7786923067_R06C01,PhenoAge,PC,64.7288987,years,methylCIPHER,https://github.com/HigginsChenLab/methylCIPHER,9e8c1e55f53c3fdeaf32a38cc8ef109be8b2a8c8,4.6.1,0.2.0,calcPCClocks:PCPhenoAge,mean (methylCIPHER default: PC clocks mean-impute missing clock CpGs)
7796814020_R04C02,PhenoAge,PC,72.22664212,years,methylCIPHER,https://github.com/HigginsChenLab/methylCIPHER,9e8c1e55f53c3fdeaf32a38cc8ef109be8b2a8c8,4.6.1,0.2.0,calcPCClocks:PCPhenoAge,mean (methylCIPHER default: PC clocks mean-impute missing clock CpGs)
7512560138_R04C01,PhenoAge,PC,37.69231009,years,methylCIPHER,https://github.com/HigginsChenLab/methylCIPHER,9e8c1e55f53c3fdeaf32a38cc8ef109be8b2a8c8,4.6.1,0.2.0,calcPCClocks:PCPhenoAge,mean (methylCIPHER default: PC clocks mean-impute missing clock CpGs)
7512560138_R05C01,PhenoAge,PC,54.34150966,years,methylCIPHER,https://github.com/HigginsChenLab/methylCIPHER,9e8c1e55f53c3fdeaf32a38cc8ef109be8b2a8c8,4.6.1,0.2.0,calcPCClocks:PCPhenoAge,mean (methylCIPHER default: PC clocks mean-impute missing clock CpGs)
7512560138_R06C01,PhenoAge,PC,65.02567736,years,methylCIPHER,https://github.com/HigginsChenLab/methylCIPHER,9e8c1e55f53c3fdeaf32a38cc8ef109be8b2a8c8,4.6.1,0.2.0,calcPCClocks:PCPhenoAge,mean (methylCIPHER default: PC clocks mean-impute missing clock CpGs)
7786915116_R06C02,PhenoAge,PC,45.79525264,years,methylCIPHER,https://github.com/HigginsChenLab/methylCIPHER,9e8c1e55f53c3fdeaf32a38cc8ef109be8b2a8c8,4.6.1,0.2.0,calcPCClocks:PCPhenoAge,mean (methylCIPHER default: PC clocks mean-impute missing clock CpGs)
7471147022_R02C02,PhenoAge,PC,49.35302561,years,methylCIPHER,https://github.com/HigginsChenLab/methylCIPHER,9e8c1e55f53c3fdeaf32a38cc8ef109be8b2a8c8,4.6.1,0.2.0,calcPCClocks:PCPhenoAge,mean (methylCIPHER default: PC clocks mean-impute missing clock CpGs)
7786915075_R05C01,PhenoAge,PC,66.28532288,years,methylCIPHER,https://github.com/HigginsChenLab/methylCIPHER,9e8c1e55f53c3fdeaf32a38cc8ef109be8b2a8c8,4.6.1,0.2.0,calcPCClocks:PCPhenoAge,mean (methylCIPHER default: PC clocks mean-impute missing clock CpGs)
7512551008_R01C01,PhenoAge,PC,43.44433624,years,methylCIPHER,https://github.com/HigginsChenLab/methylCIPHER,9e8c1e55f53c3fdeaf32a38cc8ef109be8b2a8c8,4.6.1,0.2.0,calcPCClocks:PCPhenoAge,mean (methylCIPHER default: PC clocks mean-impute missing clock CpGs)
7512551008_R01C02,PhenoAge,PC,46.97864091,years,methylCIPHER,https://github.com/HigginsChenLab/methylCIPHER,9e8c1e55f53c3fdeaf32a38cc8ef109be8b2a8c8,4.6.1,0.2.0,calcPCClocks:PCPhenoAge,mean (methylCIPHER default: PC clocks mean-impute missing clock CpGs)
7512551008_R02C01,PhenoAge,PC,73.33257542,years,methylCIPHER,https://github.com/HigginsChenLab/methylCIPHER,9e8c1e55f53c3fdeaf32a38cc8ef109be8b2a8c8,4.6.1,0.2.0,calcPCClocks:PCPhenoAge,mean (methylCIPHER default: PC clocks mean-impute missing clock CpGs)
7512551008_R02C02,PhenoAge,PC,55.06774986,years,methylCIPHER,https://github.com/HigginsChenLab/methylCIPHER,9e8c1e55f53c3fdeaf32a38cc8ef109be8b2a8c8,4.6.1,0.2.0,calcPCClocks:PCPhenoAge,mean (methylCIPHER default: PC clocks mean-impute missing clock CpGs)
7512551008_R03C01,PhenoAge,PC,52.20409992,years,methylCIPHER,https://github.com/HigginsChenLab/methylCIPHER,9e8c1e55f53c3fdeaf32a38cc8ef109be8b2a8c8,4.6.1,0.2.0,calcPCClocks:PCPhenoAge,mean (methylCIPHER default: PC clocks mean-impute missing clock CpGs)
7512551008_R03C02,PhenoAge,PC,56.87579486,years,methylCIPHER,https://github.com/HigginsChenLab/methylCIPHER,9e8c1e55f53c3fdeaf32a38cc8ef109be8b2a8c8,4.6.1,0.2.0,calcPCClocks:PCPhenoAge,mean (methylCIPHER default: PC clocks mean-impute missing clock CpGs)
7512551008_R04C01,PhenoAge,PC,50.77241454,years,methylCIPHER,https://github.com/HigginsChenLab/methylCIPHER,9e8c1e55f53c3fdeaf32a38cc8ef109be8b2a8c8,4.6.1,0.2.0,calcPCClocks:PCPhenoAge,mean (methylCIPHER default: PC clocks mean-impute missing clock CpGs)
7512551008_R04C02,PhenoAge,PC,67.40038225,years,methylCIPHER,https://github.com/HigginsChenLab/methylCIPHER,9e8c1e55f53c3fdeaf32a38cc8ef109be8b2a8c8,4.6.1,0.2.0,calcPCClocks:PCPhenoAge,mean (methylCIPHER default: PC clocks mean-impute missing clock CpGs)
7512551008_R05C01,PhenoAge,PC,62.5508032,years,methylCIPHER,https://github.com/HigginsChenLab/methylCIPHER,9e8c1e55f53c3fdeaf32a38cc8ef109be8b2a8c8,4.6.1,0.2.0,calcPCClocks:PCPhenoAge,mean (methylCIPHER default: PC clocks mean-impute missing clock CpGs)
7512551008_R06C02,PhenoAge,PC,50.45329188,years,methylCIPHER,https://github.com/HigginsChenLab/methylCIPHER,9e8c1e55f53c3fdeaf32a38cc8ef109be8b2a8c8,4.6.1,0.2.0,calcPCClocks:PCPhenoAge,mean (methylCIPHER default: PC clocks mean-impute missing clock CpGs)
7512578059_R04C02,PhenoAge,PC,48.90776254,years,methylCIPHER,https://github.com/HigginsChenLab/methylCIPHER,9e8c1e55f53c3fdeaf32a38cc8ef109be8b2a8c8,4.6.1,0.2.0,calcPCClocks:PCPhenoAge,mean (methylCIPHER default: PC clocks mean-impute missing clock CpGs)
7512578059_R06C02,PhenoAge,PC,36.909655,years,methylCIPHER,https://github.com/HigginsChenLab/methylCIPHER,9e8c1e55f53c3fdeaf32a38cc8ef109be8b2a8c8,4.6.1,0.2.0,calcPCClocks:PCPhenoAge,mean (methylCIPHER default: PC clocks mean-impute missing clock CpGs)
7786915157_R01C01,PhenoAge,PC,57.04899492,years,methylCIPHER,https://github.com/HigginsChenLab/methylCIPHER,9e8c1e55f53c3fdeaf32a38cc8ef109be8b2a8c8,4.6.1,0.2.0,calcPCClocks:PCPhenoAge,mean (methylCIPHER default: PC clocks mean-impute missing clock CpGs)
7786915157_R02C01,PhenoAge,PC,60.10162427,years,methylCIPHER,https://github.com/HigginsChenLab/methylCIPHER,9e8c1e55f53c3fdeaf32a38cc8ef109be8b2a8c8,4.6.1,0.2.0,calcPCClocks:PCPhenoAge,mean (methylCIPHER default: PC clocks mean-impute missing clock CpGs)
7786915157_R02C02,PhenoAge,PC,51.91413013,years,methylCIPHER,https://github.com/HigginsChenLab/methylCIPHER,9e8c1e55f53c3fdeaf32a38cc8ef109be8b2a8c8,4.6.1,0.2.0,calcPCClocks:PCPhenoAge,mean (methylCIPHER default: PC clocks mean-impute missing clock CpGs)
7786915157_R03C02,PhenoAge,PC,39.1266294,years,methylCIPHER,https://github.com/HigginsChenLab/methylCIPHER,9e8c1e55f53c3fdeaf32a38cc8ef109be8b2a8c8,4.6.1,0.2.0,calcPCClocks:PCPhenoAge,mean (methylCIPHER default: PC clocks mean-impute missing clock CpGs)
7471147067_R02C02,PhenoAge,PC,49.87904928,years,methylCIPHER,https://github.com/HigginsChenLab/methylCIPHER,9e8c1e55f53c3fdeaf32a38cc8ef109be8b2a8c8,4.6.1,0.2.0,calcPCClocks:PCPhenoAge,mean (methylCIPHER default: PC clocks mean-impute missing clock CpGs)
7786915157_R05C01,PhenoAge,PC,59.74719334,years,methylCIPHER,https://github.com/HigginsChenLab/methylCIPHER,9e8c1e55f53c3fdeaf32a38cc8ef109be8b2a8c8,4.6.1,0.2.0,calcPCClocks:PCPhenoAge,mean (methylCIPHER default: PC clocks mean-impute missing clock CpGs)
7786915157_R05C02,PhenoAge,PC,45.74818452,years,methylCIPHER,https://github.com/HigginsChenLab/methylCIPHER,9e8c1e55f53c3fdeaf32a38cc8ef109be8b2a8c8,4.6.1,0.2.0,calcPCClocks:PCPhenoAge,mean (methylCIPHER default: PC clocks mean-impute missing clock CpGs)
7786915157_R06C02,PhenoAge,PC,50.41838079,years,methylCIPHER,https://github.com/HigginsChenLab/methylCIPHER,9e8c1e55f53c3fdeaf32a38cc8ef109be8b2a8c8,4.6.1,0.2.0,calcPCClocks:PCPhenoAge,mean (methylCIPHER default: PC clocks mean-impute missing clock CpGs)
7512560138_R03C01,PhenoAge,PC,43.40321569,years,methylCIPHER,https://github.com/HigginsChenLab/methylCIPHER,9e8c1e55f53c3fdeaf32a38cc8ef109be8b2a8c8,4.6.1,0.2.0,calcPCClocks:PCPhenoAge,mean (methylCIPHER default: PC clocks mean-impute missing clock CpGs)
7786915048_R04C01,PhenoAge,PC,59.61911153,years,methylCIPHER,https://github.com/HigginsChenLab/methylCIPHER,9e8c1e55f53c3fdeaf32a38cc8ef109be8b2a8c8,4.6.1,0.2.0,calcPCClocks:PCPhenoAge,mean (methylCIPHER default: PC clocks mean-impute missing clock CpGs)
7786923077_R04C01,PhenoAge,PC,66.84941249,years,methylCIPHER,https://github.com/HigginsChenLab/methylCIPHER,9e8c1e55f53c3fdeaf32a38cc8ef109be8b2a8c8,4.6.1,0.2.0,calcPCClocks:PCPhenoAge,mean (methylCIPHER default: PC clocks mean-impute missing clock CpGs)
7512560138_R01C01,PhenoAge,PC,65.43216782,years,methylCIPHER,https://github.com/HigginsChenLab/methylCIPHER,9e8c1e55f53c3fdeaf32a38cc8ef109be8b2a8c8,4.6.1,0.2.0,calcPCClocks:PCPhenoAge,mean (methylCIPHER default: PC clocks mean-impute missing clock CpGs)
7512560138_R02C01,PhenoAge,PC,52.73253484,years,methylCIPHER,https://github.com/HigginsChenLab/methylCIPHER,9e8c1e55f53c3fdeaf32a38cc8ef109be8b2a8c8,4.6.1,0.2.0,calcPCClocks:PCPhenoAge,mean (methylCIPHER default: PC clocks mean-impute missing clock CpGs)
7786923035_R01C01,PhenoAge,PC,45.37136978,years,methylCIPHER,https://github.com/HigginsChenLab/methylCIPHER,9e8c1e55f53c3fdeaf32a38cc8ef109be8b2a8c8,4.6.1,0.2.0,calcPCClocks:PCPhenoAge,mean (methylCIPHER default: PC clocks mean-impute missing clock CpGs)
7512578059_R01C02,PhenoAge,PC,49.00168662,years,methylCIPHER,https://github.com/HigginsChenLab/methylCIPHER,9e8c1e55f53c3fdeaf32a38cc8ef109be8b2a8c8,4.6.1,0.2.0,calcPCClocks:PCPhenoAge,mean (methylCIPHER default: PC clocks mean-impute missing clock CpGs)
7512578059_R02C02,PhenoAge,PC,45.12623062,years,methylCIPHER,https://github.com/HigginsChenLab/methylCIPHER,9e8c1e55f53c3fdeaf32a38cc8ef109be8b2a8c8,4.6.1,0.2.0,calcPCClocks:PCPhenoAge,mean (methylCIPHER default: PC clocks mean-impute missing clock CpGs)
7512578059_R03C02,PhenoAge,PC,45.47260249,years,methylCIPHER,https://github.com/HigginsChenLab/methylCIPHER,9e8c1e55f53c3fdeaf32a38cc8ef109be8b2a8c8,4.6.1,0.2.0,calcPCClocks:PCPhenoAge,mean (methylCIPHER default: PC clocks mean-impute missing clock CpGs)
7512578059_R05C02,PhenoAge,PC,56.2227984,years,methylCIPHER,https://github.com/HigginsChenLab/methylCIPHER,9e8c1e55f53c3fdeaf32a38cc8ef109be8b2a8c8,4.6.1,0.2.0,calcPCClocks:PCPhenoAge,mean (methylCIPHER default: PC clocks mean-impute missing clock CpGs)
7786915157_R01C02,PhenoAge,PC,46.02440021,years,methylCIPHER,https://github.com/HigginsChenLab/methylCIPHER,9e8c1e55f53c3fdeaf32a38cc8ef109be8b2a8c8,4.6.1,0.2.0,calcPCClocks:PCPhenoAge,mean (methylCIPHER default: PC clocks mean-impute missing clock CpGs)
7786915047_R02C02,PhenoAge,PC,52.85811958,years,methylCIPHER,https://github.com/HigginsChenLab/methylCIPHER,9e8c1e55f53c3fdeaf32a38cc8ef109be8b2a8c8,4.6.1,0.2.0,calcPCClocks:PCPhenoAge,mean (methylCIPHER default: PC clocks mean-impute missing clock CpGs)
7786915157_R03C01,PhenoAge,PC,53.17220132,years,methylCIPHER,https://github.com/HigginsChenLab/methylCIPHER,9e8c1e55f53c3fdeaf32a38cc8ef109be8b2a8c8,4.6.1,0.2.0,calcPCClocks:PCPhenoAge,mean (methylCIPHER default: PC clocks mean-impute missing clock CpGs)
7786915157_R04C01,PhenoAge,PC,41.334565,years,methylCIPHER,https://github.com/HigginsChenLab/methylCIPHER,9e8c1e55f53c3fdeaf32a38cc8ef109be8b2a8c8,4.6.1,0.2.0,calcPCClocks:PCPhenoAge,mean (methylCIPHER default: PC clocks mean-impute missing clock CpGs)
7786915157_R04C02,PhenoAge,PC,49.25767015,years,methylCIPHER,https://github.com/HigginsChenLab/methylCIPHER,9e8c1e55f53c3fdeaf32a38cc8ef109be8b2a8c8,4.6.1,0.2.0,calcPCClocks:PCPhenoAge,mean (methylCIPHER default: PC clocks mean-impute missing clock CpGs)
7786915157_R06C01,PhenoAge,PC,60.31378813,years,methylCIPHER,https://github.com/HigginsChenLab/methylCIPHER,9e8c1e55f53c3fdeaf32a38cc8ef109be8b2a8c8,4.6.1,0.2.0,calcPCClocks:PCPhenoAge,mean (methylCIPHER default: PC clocks mean-impute missing clock CpGs)
7471147081_R06C01,PhenoAge,PC,50.81080451,years,methylCIPHER,https://github.com/HigginsChenLab/methylCIPHER,9e8c1e55f53c3fdeaf32a38cc8ef109be8b2a8c8,4.6.1,0.2.0,calcPCClocks:PCPhenoAge,mean (methylCIPHER default: PC clocks mean-impute missing clock CpGs)
7786915035_R05C01,PhenoAge,PC,49.67315924,years,methylCIPHER,https://github.com/HigginsChenLab/methylCIPHER,9e8c1e55f53c3fdeaf32a38cc8ef109be8b2a8c8,4.6.1,0.2.0,calcPCClocks:PCPhenoAge,mean (methylCIPHER default: PC clocks mean-impute missing clock CpGs)
7512551008_R06C01,PhenoAge,PC,50.28838464,years,methylCIPHER,https://github.com/HigginsChenLab/methylCIPHER,9e8c1e55f53c3fdeaf32a38cc8ef109be8b2a8c8,4.6.1,0.2.0,calcPCClocks:PCPhenoAge,mean (methylCIPHER default: PC clocks mean-impute missing clock CpGs)
7786915069_R03C01,PhenoAge,PC,62.25195345,years,methylCIPHER,https://github.com/HigginsChenLab/methylCIPHER,9e8c1e55f53c3fdeaf32a38cc8ef109be8b2a8c8,4.6.1,0.2.0,calcPCClocks:PCPhenoAge,mean (methylCIPHER default: PC clocks mean-impute missing clock CpGs)
7512551008_R05C02,PhenoAge,PC,51.46000292,years,methylCIPHER,https://github.com/HigginsChenLab/methylCIPHER,9e8c1e55f53c3fdeaf32a38cc8ef109be8b2a8c8,4.6.1,0.2.0,calcPCClocks:PCPhenoAge,mean (methylCIPHER default: PC clocks mean-impute missing clock CpGs)
7471147034_R03C01,GrimAge,PC,60.37780464,years,methylCIPHER,https://github.com/HigginsChenLab/methylCIPHER,9e8c1e55f53c3fdeaf32a38cc8ef109be8b2a8c8,4.6.1,0.2.0,calcPCClocks:PCGrimAge,mean (methylCIPHER default: PC clocks mean-impute missing clock CpGs)
7471147069_R02C02,GrimAge,PC,52.03021969,years,methylCIPHER,https://github.com/HigginsChenLab/methylCIPHER,9e8c1e55f53c3fdeaf32a38cc8ef109be8b2a8c8,4.6.1,0.2.0,calcPCClocks:PCGrimAge,mean (methylCIPHER default: PC clocks mean-impute missing clock CpGs)
7471147072_R01C02,GrimAge,PC,67.29109607,years,methylCIPHER,https://github.com/HigginsChenLab/methylCIPHER,9e8c1e55f53c3fdeaf32a38cc8ef109be8b2a8c8,4.6.1,0.2.0,calcPCClocks:PCGrimAge,mean (methylCIPHER default: PC clocks mean-impute missing clock CpGs)
7471147089_R06C01,GrimAge,PC,64.6574458,years,methylCIPHER,https://github.com/HigginsChenLab/methylCIPHER,9e8c1e55f53c3fdeaf32a38cc8ef109be8b2a8c8,4.6.1,0.2.0,calcPCClocks:PCGrimAge,mean (methylCIPHER default: PC clocks mean-impute missing clock CpGs)
7471147107_R05C02,GrimAge,PC,73.6900916,years,methylCIPHER,https://github.com/HigginsChenLab/methylCIPHER,9e8c1e55f53c3fdeaf32a38cc8ef109be8b2a8c8,4.6.1,0.2.0,calcPCClocks:PCGrimAge,mean (methylCIPHER default: PC clocks mean-impute missing clock CpGs)
7471147134_R02C01,GrimAge,PC,56.32522909,years,methylCIPHER,https://github.com/HigginsChenLab/methylCIPHER,9e8c1e55f53c3fdeaf32a38cc8ef109be8b2a8c8,4.6.1,0.2.0,calcPCClocks:PCGrimAge,mean (methylCIPHER default: PC clocks mean-impute missing clock CpGs)
7471147145_R06C01,GrimAge,PC,58.47401917,years,methylCIPHER,https://github.com/HigginsChenLab/methylCIPHER,9e8c1e55f53c3fdeaf32a38cc8ef109be8b2a8c8,4.6.1,0.2.0,calcPCClocks:PCGrimAge,mean (methylCIPHER default: PC clocks mean-impute missing clock CpGs)
7471147149_R06C01,GrimAge,PC,58.34664947,years,methylCIPHER,https://github.com/HigginsChenLab/methylCIPHER,9e8c1e55f53c3fdeaf32a38cc8ef109be8b2a8c8,4.6.1,0.2.0,calcPCClocks:PCGrimAge,mean (methylCIPHER default: PC clocks mean-impute missing clock CpGs)
7507875153_R03C02,GrimAge,PC,68.58148477,years,methylCIPHER,https://github.com/HigginsChenLab/methylCIPHER,9e8c1e55f53c3fdeaf32a38cc8ef109be8b2a8c8,4.6.1,0.2.0,calcPCClocks:PCGrimAge,mean (methylCIPHER default: PC clocks mean-impute missing clock CpGs)
7507875154_R05C01,GrimAge,PC,57.17968892,years,methylCIPHER,https://github.com/HigginsChenLab/methylCIPHER,9e8c1e55f53c3fdeaf32a38cc8ef109be8b2a8c8,4.6.1,0.2.0,calcPCClocks:PCGrimAge,mean (methylCIPHER default: PC clocks mean-impute missing clock CpGs)
7512560087_R03C01,GrimAge,PC,70.8599168,years,methylCIPHER,https://github.com/HigginsChenLab/methylCIPHER,9e8c1e55f53c3fdeaf32a38cc8ef109be8b2a8c8,4.6.1,0.2.0,calcPCClocks:PCGrimAge,mean (methylCIPHER default: PC clocks mean-impute missing clock CpGs)
7786915023_R02C02,GrimAge,PC,68.25922159,years,methylCIPHER,https://github.com/HigginsChenLab/methylCIPHER,9e8c1e55f53c3fdeaf32a38cc8ef109be8b2a8c8,4.6.1,0.2.0,calcPCClocks:PCGrimAge,mean (methylCIPHER default: PC clocks mean-impute missing clock CpGs)
7786915052_R01C01,GrimAge,PC,68.27645506,years,methylCIPHER,https://github.com/HigginsChenLab/methylCIPHER,9e8c1e55f53c3fdeaf32a38cc8ef109be8b2a8c8,4.6.1,0.2.0,calcPCClocks:PCGrimAge,mean (methylCIPHER default: PC clocks mean-impute missing clock CpGs)
7786915105_R02C01,GrimAge,PC,64.20675348,years,methylCIPHER,https://github.com/HigginsChenLab/methylCIPHER,9e8c1e55f53c3fdeaf32a38cc8ef109be8b2a8c8,4.6.1,0.2.0,calcPCClocks:PCGrimAge,mean (methylCIPHER default: PC clocks mean-impute missing clock CpGs)
7786915135_R04C02,GrimAge,PC,58.93767609,years,methylCIPHER,https://github.com/HigginsChenLab/methylCIPHER,9e8c1e55f53c3fdeaf32a38cc8ef109be8b2a8c8,4.6.1,0.2.0,calcPCClocks:PCGrimAge,mean (methylCIPHER default: PC clocks mean-impute missing clock CpGs)
7786915153_R05C01,GrimAge,PC,74.90706436,years,methylCIPHER,https://github.com/HigginsChenLab/methylCIPHER,9e8c1e55f53c3fdeaf32a38cc8ef109be8b2a8c8,4.6.1,0.2.0,calcPCClocks:PCGrimAge,mean (methylCIPHER default: PC clocks mean-impute missing clock CpGs)
7786923001_R06C01,GrimAge,PC,62.84139019,years,methylCIPHER,https://github.com/HigginsChenLab/methylCIPHER,9e8c1e55f53c3fdeaf32a38cc8ef109be8b2a8c8,4.6.1,0.2.0,calcPCClocks:PCGrimAge,mean (methylCIPHER default: PC clocks mean-impute missing clock CpGs)
7786923023_R02C01,GrimAge,PC,64.26073433,years,methylCIPHER,https://github.com/HigginsChenLab/methylCIPHER,9e8c1e55f53c3fdeaf32a38cc8ef109be8b2a8c8,4.6.1,0.2.0,calcPCClocks:PCGrimAge,mean (methylCIPHER default: PC clocks mean-impute missing clock CpGs)
7786923028_R03C01,GrimAge,PC,65.0604806,years,methylCIPHER,https://github.com/HigginsChenLab/methylCIPHER,9e8c1e55f53c3fdeaf32a38cc8ef109be8b2a8c8,4.6.1,0.2.0,calcPCClocks:PCGrimAge,mean (methylCIPHER default: PC clocks mean-impute missing clock CpGs)
7786923028_R05C02,GrimAge,PC,66.50040506,years,methylCIPHER,https://github.com/HigginsChenLab/methylCIPHER,9e8c1e55f53c3fdeaf32a38cc8ef109be8b2a8c8,4.6.1,0.2.0,calcPCClocks:PCGrimAge,mean (methylCIPHER default: PC clocks mean-impute missing clock CpGs)
7786923038_R03C02,GrimAge,PC,67.85600343,years,methylCIPHER,https://github.com/HigginsChenLab/methylCIPHER,9e8c1e55f53c3fdeaf32a38cc8ef109be8b2a8c8,4.6.1,0.2.0,calcPCClocks:PCGrimAge,mean (methylCIPHER default: PC clocks mean-impute missing clock CpGs)
7786923050_R03C01,GrimAge,PC,55.09346359,years,methylCIPHER,https://github.com/HigginsChenLab/methylCIPHER,9e8c1e55f53c3fdeaf32a38cc8ef109be8b2a8c8,4.6.1,0.2.0,calcPCClocks:PCGrimAge,mean (methylCIPHER default: PC clocks mean-impute missing clock CpGs)
7786923066_R01C01,GrimAge,PC,53.20261287,years,methylCIPHER,https://github.com/HigginsChenLab/methylCIPHER,9e8c1e55f53c3fdeaf32a38cc8ef109be8b2a8c8,4.6.1,0.2.0,calcPCClocks:PCGrimAge,mean (methylCIPHER default: PC clocks mean-impute missing clock CpGs)
7786923067_R06C01,GrimAge,PC,79.85430307,years,methylCIPHER,https://github.com/HigginsChenLab/methylCIPHER,9e8c1e55f53c3fdeaf32a38cc8ef109be8b2a8c8,4.6.1,0.2.0,calcPCClocks:PCGrimAge,mean (methylCIPHER default: PC clocks mean-impute missing clock CpGs)
7796814020_R04C02,GrimAge,PC,68.73364469,years,methylCIPHER,https://github.com/HigginsChenLab/methylCIPHER,9e8c1e55f53c3fdeaf32a38cc8ef109be8b2a8c8,4.6.1,0.2.0,calcPCClocks:PCGrimAge,mean (methylCIPHER default: PC clocks mean-impute missing clock CpGs)
7512560138_R04C01,GrimAge,PC,55.6675792,years,methylCIPHER,https://github.com/HigginsChenLab/methylCIPHER,9e8c1e55f53c3fdeaf32a38cc8ef109be8b2a8c8,4.6.1,0.2.0,calcPCClocks:PCGrimAge,mean (methylCIPHER default: PC clocks mean-impute missing clock CpGs)
7512560138_R05C01,GrimAge,PC,64.42807273,years,methylCIPHER,https://github.com/HigginsChenLab/methylCIPHER,9e8c1e55f53c3fdeaf32a38cc8ef109be8b2a8c8,4.6.1,0.2.0,calcPCClocks:PCGrimAge,mean (methylCIPHER default: PC clocks mean-impute missing clock CpGs)
7512560138_R06C01,GrimAge,PC,80.06830331,years,methylCIPHER,https://github.com/HigginsChenLab/methylCIPHER,9e8c1e55f53c3fdeaf32a38cc8ef109be8b2a8c8,4.6.1,0.2.0,calcPCClocks:PCGrimAge,mean (methylCIPHER default: PC clocks mean-impute missing clock CpGs)
7786915116_R06C02,GrimAge,PC,61.58192311,years,methylCIPHER,https://github.com/HigginsChenLab/methylCIPHER,9e8c1e55f53c3fdeaf32a38cc8ef109be8b2a8c8,4.6.1,0.2.0,calcPCClocks:PCGrimAge,mean (methylCIPHER default: PC clocks mean-impute missing clock CpGs)
7471147022_R02C02,GrimAge,PC,69.46069329,years,methylCIPHER,https://github.com/HigginsChenLab/methylCIPHER,9e8c1e55f53c3fdeaf32a38cc8ef109be8b2a8c8,4.6.1,0.2.0,calcPCClocks:PCGrimAge,mean (methylCIPHER default: PC clocks mean-impute missing clock CpGs)
7786915075_R05C01,GrimAge,PC,81.89347893,years,methylCIPHER,https://github.com/HigginsChenLab/methylCIPHER,9e8c1e55f53c3fdeaf32a38cc8ef109be8b2a8c8,4.6.1,0.2.0,calcPCClocks:PCGrimAge,mean (methylCIPHER default: PC clocks mean-impute missing clock CpGs)
7512551008_R01C01,GrimAge,PC,58.38070785,years,methylCIPHER,https://github.com/HigginsChenLab/methylCIPHER,9e8c1e55f53c3fdeaf32a38cc8ef109be8b2a8c8,4.6.1,0.2.0,calcPCClocks:PCGrimAge,mean (methylCIPHER default: PC clocks mean-impute missing clock CpGs)
7512551008_R01C02,GrimAge,PC,67.85379357,years,methylCIPHER,https://github.com/HigginsChenLab/methylCIPHER,9e8c1e55f53c3fdeaf32a38cc8ef109be8b2a8c8,4.6.1,0.2.0,calcPCClocks:PCGrimAge,mean (methylCIPHER default: PC clocks mean-impute missing clock CpGs)
7512551008_R02C01,GrimAge,PC,68.9342979,years,methylCIPHER,https://github.com/HigginsChenLab/methylCIPHER,9e8c1e55f53c3fdeaf32a38cc8ef109be8b2a8c8,4.6.1,0.2.0,calcPCClocks:PCGrimAge,mean (methylCIPHER default: PC clocks mean-impute missing clock CpGs)
7512551008_R02C02,GrimAge,PC,69.0143385,years,methylCIPHER,https://github.com/HigginsChenLab/methylCIPHER,9e8c1e55f53c3fdeaf32a38cc8ef109be8b2a8c8,4.6.1,0.2.0,calcPCClocks:PCGrimAge,mean (methylCIPHER default: PC clocks mean-impute missing clock CpGs)
7512551008_R03C01,GrimAge,PC,64.58995461,years,methylCIPHER,https://github.com/HigginsChenLab/methylCIPHER,9e8c1e55f53c3fdeaf32a38cc8ef109be8b2a8c8,4.6.1,0.2.0,calcPCClocks:PCGrimAge,mean (methylCIPHER default: PC clocks mean-impute missing clock CpGs)
7512551008_R03C02,GrimAge,PC,66.94549131,years,methylCIPHER,https://github.com/HigginsChenLab/methylCIPHER,9e8c1e55f53c3fdeaf32a38cc8ef109be8b2a8c8,4.6.1,0.2.0,calcPCClocks:PCGrimAge,mean (methylCIPHER default: PC clocks mean-impute missing clock CpGs)
7512551008_R04C01,GrimAge,PC,55.93672676,years,methylCIPHER,https://github.com/HigginsChenLab/methylCIPHER,9e8c1e55f53c3fdeaf32a38cc8ef109be8b2a8c8,4.6.1,0.2.0,calcPCClocks:PCGrimAge,mean (methylCIPHER default: PC clocks mean-impute missing clock CpGs)
7512551008_R04C02,GrimAge,PC,80.38542297,years,methylCIPHER,https://github.com/HigginsChenLab/methylCIPHER,9e8c1e55f53c3fdeaf32a38cc8ef109be8b2a8c8,4.6.1,0.2.0,calcPCClocks:PCGrimAge,mean (methylCIPHER default: PC clocks mean-impute missing clock CpGs)
7512551008_R05C01,GrimAge,PC,81.31476393,years,methylCIPHER,https://github.com/HigginsChenLab/methylCIPHER,9e8c1e55f53c3fdeaf32a38cc8ef109be8b2a8c8,4.6.1,0.2.0,calcPCClocks:PCGrimAge,mean (methylCIPHER default: PC clocks mean-impute missing clock CpGs)
7512551008_R06C02,GrimAge,PC,64.05308256,years,methylCIPHER,https://github.com/HigginsChenLab/methylCIPHER,9e8c1e55f53c3fdeaf32a38cc8ef109be8b2a8c8,4.6.1,0.2.0,calcPCClocks:PCGrimAge,mean (methylCIPHER default: PC clocks mean-impute missing clock CpGs)
7512578059_R04C02,GrimAge,PC,68.21905072,years,methylCIPHER,https://github.com/HigginsChenLab/methylCIPHER,9e8c1e55f53c3fdeaf32a38cc8ef109be8b2a8c8,4.6.1,0.2.0,calcPCClocks:PCGrimAge,mean (methylCIPHER default: PC clocks mean-impute missing clock CpGs)
7512578059_R06C02,GrimAge,PC,53.99717389,years,methylCIPHER,https://github.com/HigginsChenLab/methylCIPHER,9e8c1e55f53c3fdeaf32a38cc8ef109be8b2a8c8,4.6.1,0.2.0,calcPCClocks:PCGrimAge,mean (methylCIPHER default: PC clocks mean-impute missing clock CpGs)
7786915157_R01C01,GrimAge,PC,70.72500057,years,methylCIPHER,https://github.com/HigginsChenLab/methylCIPHER,9e8c1e55f53c3fdeaf32a38cc8ef109be8b2a8c8,4.6.1,0.2.0,calcPCClocks:PCGrimAge,mean (methylCIPHER default: PC clocks mean-impute missing clock CpGs)
7786915157_R02C01,GrimAge,PC,74.94951304,years,methylCIPHER,https://github.com/HigginsChenLab/methylCIPHER,9e8c1e55f53c3fdeaf32a38cc8ef109be8b2a8c8,4.6.1,0.2.0,calcPCClocks:PCGrimAge,mean (methylCIPHER default: PC clocks mean-impute missing clock CpGs)
7786915157_R02C02,GrimAge,PC,67.80744049,years,methylCIPHER,https://github.com/HigginsChenLab/methylCIPHER,9e8c1e55f53c3fdeaf32a38cc8ef109be8b2a8c8,4.6.1,0.2.0,calcPCClocks:PCGrimAge,mean (methylCIPHER default: PC clocks mean-impute missing clock CpGs)
7786915157_R03C02,GrimAge,PC,51.89253006,years,methylCIPHER,https://github.com/HigginsChenLab/methylCIPHER,9e8c1e55f53c3fdeaf32a38cc8ef109be8b2a8c8,4.6.1,0.2.0,calcPCClocks:PCGrimAge,mean (methylCIPHER default: PC clocks mean-impute missing clock CpGs)
7471147067_R02C02,GrimAge,PC,63.50629166,years,methylCIPHER,https://github.com/HigginsChenLab/methylCIPHER,9e8c1e55f53c3fdeaf32a38cc8ef109be8b2a8c8,4.6.1,0.2.0,calcPCClocks:PCGrimAge,mean (methylCIPHER default: PC clocks mean-impute missing clock CpGs)
7786915157_R05C01,GrimAge,PC,73.00812312,years,methylCIPHER,https://github.com/HigginsChenLab/methylCIPHER,9e8c1e55f53c3fdeaf32a38cc8ef109be8b2a8c8,4.6.1,0.2.0,calcPCClocks:PCGrimAge,mean (methylCIPHER default: PC clocks mean-impute missing clock CpGs)
7786915157_R05C02,GrimAge,PC,57.21643853,years,methylCIPHER,https://github.com/HigginsChenLab/methylCIPHER,9e8c1e55f53c3fdeaf32a38cc8ef109be8b2a8c8,4.6.1,0.2.0,calcPCClocks:PCGrimAge,mean (methylCIPHER default: PC clocks mean-impute missing clock CpGs)
7786915157_R06C02,GrimAge,PC,61.34148974,years,methylCIPHER,https://github.com/HigginsChenLab/methylCIPHER,9e8c1e55f53c3fdeaf32a38cc8ef109be8b2a8c8,4.6.1,0.2.0,calcPCClocks:PCGrimAge,mean (methylCIPHER default: PC clocks mean-impute missing clock CpGs)
7512560138_R03C01,GrimAge,PC,59.85357337,years,methylCIPHER,https://github.com/HigginsChenLab/methylCIPHER,9e8c1e55f53c3fdeaf32a38cc8ef109be8b2a8c8,4.6.1,0.2.0,calcPCClocks:PCGrimAge,mean (methylCIPHER default: PC clocks mean-impute missing clock CpGs)
7786915048_R04C01,GrimAge,PC,72.80829386,years,methylCIPHER,https://github.com/HigginsChenLab/methylCIPHER,9e8c1e55f53c3fdeaf32a38cc8ef109be8b2a8c8,4.6.1,0.2.0,calcPCClocks:PCGrimAge,mean (methylCIPHER default: PC clocks mean-impute missing clock CpGs)
7786923077_R04C01,GrimAge,PC,79.68997454,years,methylCIPHER,https://github.com/HigginsChenLab/methylCIPHER,9e8c1e55f53c3fdeaf32a38cc8ef109be8b2a8c8,4.6.1,0.2.0,calcPCClocks:PCGrimAge,mean (methylCIPHER default: PC clocks mean-impute missing clock CpGs)
7512560138_R01C01,GrimAge,PC,82.35362022,years,methylCIPHER,https://github.com/HigginsChenLab/methylCIPHER,9e8c1e55f53c3fdeaf32a38cc8ef109be8b2a8c8,4.6.1,0.2.0,calcPCClocks:PCGrimAge,mean (methylCIPHER default: PC clocks mean-impute missing clock CpGs)
7512560138_R02C01,GrimAge,PC,62.87617281,years,methylCIPHER,https://github.com/HigginsChenLab/methylCIPHER,9e8c1e55f53c3fdeaf32a38cc8ef109be8b2a8c8,4.6.1,0.2.0,calcPCClocks:PCGrimAge,mean (methylCIPHER default: PC clocks mean-impute missing clock CpGs)
7786923035_R01C01,GrimAge,PC,65.24400119,years,methylCIPHER,https://github.com/HigginsChenLab/methylCIPHER,9e8c1e55f53c3fdeaf32a38cc8ef109be8b2a8c8,4.6.1,0.2.0,calcPCClocks:PCGrimAge,mean (methylCIPHER default: PC clocks mean-impute missing clock CpGs)
7512578059_R01C02,GrimAge,PC,63.63709519,years,methylCIPHER,https://github.com/HigginsChenLab/methylCIPHER,9e8c1e55f53c3fdeaf32a38cc8ef109be8b2a8c8,4.6.1,0.2.0,calcPCClocks:PCGrimAge,mean (methylCIPHER default: PC clocks mean-impute missing clock CpGs)
7512578059_R02C02,GrimAge,PC,61.81854444,years,methylCIPHER,https://github.com/HigginsChenLab/methylCIPHER,9e8c1e55f53c3fdeaf32a38cc8ef109be8b2a8c8,4.6.1,0.2.0,calcPCClocks:PCGrimAge,mean (methylCIPHER default: PC clocks mean-impute missing clock CpGs)
7512578059_R03C02,GrimAge,PC,66.52989225,years,methylCIPHER,https://github.com/HigginsChenLab/methylCIPHER,9e8c1e55f53c3fdeaf32a38cc8ef109be8b2a8c8,4.6.1,0.2.0,calcPCClocks:PCGrimAge,mean (methylCIPHER default: PC clocks mean-impute missing clock CpGs)
7512578059_R05C02,GrimAge,PC,65.24194315,years,methylCIPHER,https://github.com/HigginsChenLab/methylCIPHER,9e8c1e55f53c3fdeaf32a38cc8ef109be8b2a8c8,4.6.1,0.2.0,calcPCClocks:PCGrimAge,mean (methylCIPHER default: PC clocks mean-impute missing clock CpGs)
7786915157_R01C02,GrimAge,PC,58.3720633,years,methylCIPHER,https://github.com/HigginsChenLab/methylCIPHER,9e8c1e55f53c3fdeaf32a38cc8ef109be8b2a8c8,4.6.1,0.2.0,calcPCClocks:PCGrimAge,mean (methylCIPHER default: PC clocks mean-impute missing clock CpGs)
7786915047_R02C02,GrimAge,PC,71.17154667,years,methylCIPHER,https://github.com/HigginsChenLab/methylCIPHER,9e8c1e55f53c3fdeaf32a38cc8ef109be8b2a8c8,4.6.1,0.2.0,calcPCClocks:PCGrimAge,mean (methylCIPHER default: PC clocks mean-impute missing clock CpGs)
7786915157_R03C01,GrimAge,PC,70.93572245,years,methylCIPHER,https://github.com/HigginsChenLab/methylCIPHER,9e8c1e55f53c3fdeaf32a38cc8ef109be8b2a8c8,4.6.1,0.2.0,calcPCClocks:PCGrimAge,mean (methylCIPHER default: PC clocks mean-impute missing clock CpGs)
7786915157_R04C01,GrimAge,PC,55.26709003,years,methylCIPHER,https://github.com/HigginsChenLab/methylCIPHER,9e8c1e55f53c3fdeaf32a38cc8ef109be8b2a8c8,4.6.1,0.2.0,calcPCClocks:PCGrimAge,mean (methylCIPHER default: PC clocks mean-impute missing clock CpGs)
7786915157_R04C02,GrimAge,PC,69.83018167,years,methylCIPHER,https://github.com/HigginsChenLab/methylCIPHER,9e8c1e55f53c3fdeaf32a38cc8ef109be8b2a8c8,4.6.1,0.2.0,calcPCClocks:PCGrimAge,mean (methylCIPHER default: PC clocks mean-impute missing clock CpGs)
7786915157_R06C01,GrimAge,PC,73.35669905,years,methylCIPHER,https://github.com/HigginsChenLab/methylCIPHER,9e8c1e55f53c3fdeaf32a38cc8ef109be8b2a8c8,4.6.1,0.2.0,calcPCClocks:PCGrimAge,mean (methylCIPHER default: PC clocks mean-impute missing clock CpGs)
7471147081_R06C01,GrimAge,PC,55.98955955,years,methylCIPHER,https://github.com/HigginsChenLab/methylCIPHER,9e8c1e55f53c3fdeaf32a38cc8ef109be8b2a8c8,4.6.1,0.2.0,calcPCClocks:PCGrimAge,mean (methylCIPHER default: PC clocks mean-impute missing clock CpGs)
7786915035_R05C01,GrimAge,PC,63.72763619,years,methylCIPHER,https://github.com/HigginsChenLab/methylCIPHER,9e8c1e55f53c3fdeaf32a38cc8ef109be8b2a8c8,4.6.1,0.2.0,calcPCClocks:PCGrimAge,mean (methylCIPHER default: PC clocks mean-impute missing clock CpGs)
7512551008_R06C01,GrimAge,PC,66.95523369,years,methylCIPHER,https://github.com/HigginsChenLab/methylCIPHER,9e8c1e55f53c3fdeaf32a38cc8ef109be8b2a8c8,4.6.1,0.2.0,calcPCClocks:PCGrimAge,mean (methylCIPHER default: PC clocks mean-impute missing clock CpGs)
7786915069_R03C01,GrimAge,PC,81.15457757,years,methylCIPHER,https://github.com/HigginsChenLab/methylCIPHER,9e8c1e55f53c3fdeaf32a38cc8ef109be8b2a8c8,4.6.1,0.2.0,calcPCClocks:PCGrimAge,mean (methylCIPHER default: PC clocks mean-impute missing clock CpGs)
7512551008_R05C02,GrimAge,PC,65.7295978,years,methylCIPHER,https://github.com/HigginsChenLab/methylCIPHER,9e8c1e55f53c3fdeaf32a38cc8ef109be8b2a8c8,4.6.1,0.2.0,calcPCClocks:PCGrimAge,mean (methylCIPHER default: PC clocks mean-impute missing clock CpGs)
