sample_id,clock_id,variant,score,unit,implementation,repo_url,commit,r_version,pkg_version,clock_function,imputation
7471147034_R03C01,Horvath1,original,55.13581231370158,years,pyaging,https://github.com/rsinghlab/pyaging,pip-0.3.1,python-3.13.14,pyaging-0.3.1,predict_age:horvath2013,pyaging default (per-clock KNN/mean + gold-standard quantile norm)
7471147069_R02C02,Horvath1,original,43.885142187593566,years,pyaging,https://github.com/rsinghlab/pyaging,pip-0.3.1,python-3.13.14,pyaging-0.3.1,predict_age:horvath2013,pyaging default (per-clock KNN/mean + gold-standard quantile norm)
7471147072_R01C02,Horvath1,original,54.78907257817866,years,pyaging,https://github.com/rsinghlab/pyaging,pip-0.3.1,python-3.13.14,pyaging-0.3.1,predict_age:horvath2013,pyaging default (per-clock KNN/mean + gold-standard quantile norm)
7471147089_R06C01,Horvath1,original,51.70591466016029,years,pyaging,https://github.com/rsinghlab/pyaging,pip-0.3.1,python-3.13.14,pyaging-0.3.1,predict_age:horvath2013,pyaging default (per-clock KNN/mean + gold-standard quantile norm)
7471147107_R05C02,Horvath1,original,63.767652516221176,years,pyaging,https://github.com/rsinghlab/pyaging,pip-0.3.1,python-3.13.14,pyaging-0.3.1,predict_age:horvath2013,pyaging default (per-clock KNN/mean + gold-standard quantile norm)
7471147134_R02C01,Horvath1,original,38.36171149233327,years,pyaging,https://github.com/rsinghlab/pyaging,pip-0.3.1,python-3.13.14,pyaging-0.3.1,predict_age:horvath2013,pyaging default (per-clock KNN/mean + gold-standard quantile norm)
7471147145_R06C01,Horvath1,original,54.721137617186685,years,pyaging,https://github.com/rsinghlab/pyaging,pip-0.3.1,python-3.13.14,pyaging-0.3.1,predict_age:horvath2013,pyaging default (per-clock KNN/mean + gold-standard quantile norm)
7471147149_R06C01,Horvath1,original,48.231375616376525,years,pyaging,https://github.com/rsinghlab/pyaging,pip-0.3.1,python-3.13.14,pyaging-0.3.1,predict_age:horvath2013,pyaging default (per-clock KNN/mean + gold-standard quantile norm)
7507875153_R03C02,Horvath1,original,62.9231297412387,years,pyaging,https://github.com/rsinghlab/pyaging,pip-0.3.1,python-3.13.14,pyaging-0.3.1,predict_age:horvath2013,pyaging default (per-clock KNN/mean + gold-standard quantile norm)
7507875154_R05C01,Horvath1,original,50.58676641008254,years,pyaging,https://github.com/rsinghlab/pyaging,pip-0.3.1,python-3.13.14,pyaging-0.3.1,predict_age:horvath2013,pyaging default (per-clock KNN/mean + gold-standard quantile norm)
7512560087_R03C01,Horvath1,original,60.65527384728679,years,pyaging,https://github.com/rsinghlab/pyaging,pip-0.3.1,python-3.13.14,pyaging-0.3.1,predict_age:horvath2013,pyaging default (per-clock KNN/mean + gold-standard quantile norm)
7786915023_R02C02,Horvath1,original,56.19508691209221,years,pyaging,https://github.com/rsinghlab/pyaging,pip-0.3.1,python-3.13.14,pyaging-0.3.1,predict_age:horvath2013,pyaging default (per-clock KNN/mean + gold-standard quantile norm)
7786915052_R01C01,Horvath1,original,52.69866313197502,years,pyaging,https://github.com/rsinghlab/pyaging,pip-0.3.1,python-3.13.14,pyaging-0.3.1,predict_age:horvath2013,pyaging default (per-clock KNN/mean + gold-standard quantile norm)
7786915105_R02C01,Horvath1,original,60.78983097852467,years,pyaging,https://github.com/rsinghlab/pyaging,pip-0.3.1,python-3.13.14,pyaging-0.3.1,predict_age:horvath2013,pyaging default (per-clock KNN/mean + gold-standard quantile norm)
7786915135_R04C02,Horvath1,original,47.44718837378076,years,pyaging,https://github.com/rsinghlab/pyaging,pip-0.3.1,python-3.13.14,pyaging-0.3.1,predict_age:horvath2013,pyaging default (per-clock KNN/mean + gold-standard quantile norm)
7786915153_R05C01,Horvath1,original,67.5116034038212,years,pyaging,https://github.com/rsinghlab/pyaging,pip-0.3.1,python-3.13.14,pyaging-0.3.1,predict_age:horvath2013,pyaging default (per-clock KNN/mean + gold-standard quantile norm)
7786923001_R06C01,Horvath1,original,47.9977197700063,years,pyaging,https://github.com/rsinghlab/pyaging,pip-0.3.1,python-3.13.14,pyaging-0.3.1,predict_age:horvath2013,pyaging default (per-clock KNN/mean + gold-standard quantile norm)
7786923023_R02C01,Horvath1,original,60.15489719404507,years,pyaging,https://github.com/rsinghlab/pyaging,pip-0.3.1,python-3.13.14,pyaging-0.3.1,predict_age:horvath2013,pyaging default (per-clock KNN/mean + gold-standard quantile norm)
7786923028_R03C01,Horvath1,original,47.1589671087757,years,pyaging,https://github.com/rsinghlab/pyaging,pip-0.3.1,python-3.13.14,pyaging-0.3.1,predict_age:horvath2013,pyaging default (per-clock KNN/mean + gold-standard quantile norm)
7786923028_R05C02,Horvath1,original,49.72454195053979,years,pyaging,https://github.com/rsinghlab/pyaging,pip-0.3.1,python-3.13.14,pyaging-0.3.1,predict_age:horvath2013,pyaging default (per-clock KNN/mean + gold-standard quantile norm)
7786923038_R03C02,Horvath1,original,43.51106627720323,years,pyaging,https://github.com/rsinghlab/pyaging,pip-0.3.1,python-3.13.14,pyaging-0.3.1,predict_age:horvath2013,pyaging default (per-clock KNN/mean + gold-standard quantile norm)
7786923050_R03C01,Horvath1,original,42.16790264749261,years,pyaging,https://github.com/rsinghlab/pyaging,pip-0.3.1,python-3.13.14,pyaging-0.3.1,predict_age:horvath2013,pyaging default (per-clock KNN/mean + gold-standard quantile norm)
7786923066_R01C01,Horvath1,original,40.90505827705179,years,pyaging,https://github.com/rsinghlab/pyaging,pip-0.3.1,python-3.13.14,pyaging-0.3.1,predict_age:horvath2013,pyaging default (per-clock KNN/mean + gold-standard quantile norm)
7786923067_R06C01,Horvath1,original,62.53501783823842,years,pyaging,https://github.com/rsinghlab/pyaging,pip-0.3.1,python-3.13.14,pyaging-0.3.1,predict_age:horvath2013,pyaging default (per-clock KNN/mean + gold-standard quantile norm)
7796814020_R04C02,Horvath1,original,65.2944586535134,years,pyaging,https://github.com/rsinghlab/pyaging,pip-0.3.1,python-3.13.14,pyaging-0.3.1,predict_age:horvath2013,pyaging default (per-clock KNN/mean + gold-standard quantile norm)
7512560138_R04C01,Horvath1,original,39.018587938883314,years,pyaging,https://github.com/rsinghlab/pyaging,pip-0.3.1,python-3.13.14,pyaging-0.3.1,predict_age:horvath2013,pyaging default (per-clock KNN/mean + gold-standard quantile norm)
7512560138_R05C01,Horvath1,original,56.23275048403259,years,pyaging,https://github.com/rsinghlab/pyaging,pip-0.3.1,python-3.13.14,pyaging-0.3.1,predict_age:horvath2013,pyaging default (per-clock KNN/mean + gold-standard quantile norm)
7512560138_R06C01,Horvath1,original,64.24107670488843,years,pyaging,https://github.com/rsinghlab/pyaging,pip-0.3.1,python-3.13.14,pyaging-0.3.1,predict_age:horvath2013,pyaging default (per-clock KNN/mean + gold-standard quantile norm)
7786915116_R06C02,Horvath1,original,48.351766636871346,years,pyaging,https://github.com/rsinghlab/pyaging,pip-0.3.1,python-3.13.14,pyaging-0.3.1,predict_age:horvath2013,pyaging default (per-clock KNN/mean + gold-standard quantile norm)
7471147022_R02C02,Horvath1,original,52.26555185616011,years,pyaging,https://github.com/rsinghlab/pyaging,pip-0.3.1,python-3.13.14,pyaging-0.3.1,predict_age:horvath2013,pyaging default (per-clock KNN/mean + gold-standard quantile norm)
7786915075_R05C01,Horvath1,original,61.28241312501571,years,pyaging,https://github.com/rsinghlab/pyaging,pip-0.3.1,python-3.13.14,pyaging-0.3.1,predict_age:horvath2013,pyaging default (per-clock KNN/mean + gold-standard quantile norm)
7512551008_R01C01,Horvath1,original,45.81390393717112,years,pyaging,https://github.com/rsinghlab/pyaging,pip-0.3.1,python-3.13.14,pyaging-0.3.1,predict_age:horvath2013,pyaging default (per-clock KNN/mean + gold-standard quantile norm)
7512551008_R01C02,Horvath1,original,56.34573298689837,years,pyaging,https://github.com/rsinghlab/pyaging,pip-0.3.1,python-3.13.14,pyaging-0.3.1,predict_age:horvath2013,pyaging default (per-clock KNN/mean + gold-standard quantile norm)
7512551008_R02C01,Horvath1,original,63.66846445358815,years,pyaging,https://github.com/rsinghlab/pyaging,pip-0.3.1,python-3.13.14,pyaging-0.3.1,predict_age:horvath2013,pyaging default (per-clock KNN/mean + gold-standard quantile norm)
7512551008_R02C02,Horvath1,original,58.61479879403272,years,pyaging,https://github.com/rsinghlab/pyaging,pip-0.3.1,python-3.13.14,pyaging-0.3.1,predict_age:horvath2013,pyaging default (per-clock KNN/mean + gold-standard quantile norm)
7512551008_R03C01,Horvath1,original,58.814287297147,years,pyaging,https://github.com/rsinghlab/pyaging,pip-0.3.1,python-3.13.14,pyaging-0.3.1,predict_age:horvath2013,pyaging default (per-clock KNN/mean + gold-standard quantile norm)
7512551008_R03C02,Horvath1,original,55.520148437114415,years,pyaging,https://github.com/rsinghlab/pyaging,pip-0.3.1,python-3.13.14,pyaging-0.3.1,predict_age:horvath2013,pyaging default (per-clock KNN/mean + gold-standard quantile norm)
7512551008_R04C01,Horvath1,original,45.80854696286942,years,pyaging,https://github.com/rsinghlab/pyaging,pip-0.3.1,python-3.13.14,pyaging-0.3.1,predict_age:horvath2013,pyaging default (per-clock KNN/mean + gold-standard quantile norm)
7512551008_R04C02,Horvath1,original,70.55656826678562,years,pyaging,https://github.com/rsinghlab/pyaging,pip-0.3.1,python-3.13.14,pyaging-0.3.1,predict_age:horvath2013,pyaging default (per-clock KNN/mean + gold-standard quantile norm)
7512551008_R05C01,Horvath1,original,64.30253726359093,years,pyaging,https://github.com/rsinghlab/pyaging,pip-0.3.1,python-3.13.14,pyaging-0.3.1,predict_age:horvath2013,pyaging default (per-clock KNN/mean + gold-standard quantile norm)
7512551008_R06C02,Horvath1,original,53.175825720452586,years,pyaging,https://github.com/rsinghlab/pyaging,pip-0.3.1,python-3.13.14,pyaging-0.3.1,predict_age:horvath2013,pyaging default (per-clock KNN/mean + gold-standard quantile norm)
7512578059_R04C02,Horvath1,original,40.18630584848997,years,pyaging,https://github.com/rsinghlab/pyaging,pip-0.3.1,python-3.13.14,pyaging-0.3.1,predict_age:horvath2013,pyaging default (per-clock KNN/mean + gold-standard quantile norm)
7512578059_R06C02,Horvath1,original,39.261454104913,years,pyaging,https://github.com/rsinghlab/pyaging,pip-0.3.1,python-3.13.14,pyaging-0.3.1,predict_age:horvath2013,pyaging default (per-clock KNN/mean + gold-standard quantile norm)
7786915157_R01C01,Horvath1,original,66.10705354751117,years,pyaging,https://github.com/rsinghlab/pyaging,pip-0.3.1,python-3.13.14,pyaging-0.3.1,predict_age:horvath2013,pyaging default (per-clock KNN/mean + gold-standard quantile norm)
7786915157_R02C01,Horvath1,original,65.42050402124926,years,pyaging,https://github.com/rsinghlab/pyaging,pip-0.3.1,python-3.13.14,pyaging-0.3.1,predict_age:horvath2013,pyaging default (per-clock KNN/mean + gold-standard quantile norm)
7786915157_R02C02,Horvath1,original,54.39116844321964,years,pyaging,https://github.com/rsinghlab/pyaging,pip-0.3.1,python-3.13.14,pyaging-0.3.1,predict_age:horvath2013,pyaging default (per-clock KNN/mean + gold-standard quantile norm)
7786915157_R03C02,Horvath1,original,46.34385305781154,years,pyaging,https://github.com/rsinghlab/pyaging,pip-0.3.1,python-3.13.14,pyaging-0.3.1,predict_age:horvath2013,pyaging default (per-clock KNN/mean + gold-standard quantile norm)
7471147067_R02C02,Horvath1,original,51.59027825348898,years,pyaging,https://github.com/rsinghlab/pyaging,pip-0.3.1,python-3.13.14,pyaging-0.3.1,predict_age:horvath2013,pyaging default (per-clock KNN/mean + gold-standard quantile norm)
7786915157_R05C01,Horvath1,original,67.07499162996774,years,pyaging,https://github.com/rsinghlab/pyaging,pip-0.3.1,python-3.13.14,pyaging-0.3.1,predict_age:horvath2013,pyaging default (per-clock KNN/mean + gold-standard quantile norm)
7786915157_R05C02,Horvath1,original,53.081588039481076,years,pyaging,https://github.com/rsinghlab/pyaging,pip-0.3.1,python-3.13.14,pyaging-0.3.1,predict_age:horvath2013,pyaging default (per-clock KNN/mean + gold-standard quantile norm)
7786915157_R06C02,Horvath1,original,53.53030291822537,years,pyaging,https://github.com/rsinghlab/pyaging,pip-0.3.1,python-3.13.14,pyaging-0.3.1,predict_age:horvath2013,pyaging default (per-clock KNN/mean + gold-standard quantile norm)
7512560138_R03C01,Horvath1,original,47.8226175132502,years,pyaging,https://github.com/rsinghlab/pyaging,pip-0.3.1,python-3.13.14,pyaging-0.3.1,predict_age:horvath2013,pyaging default (per-clock KNN/mean + gold-standard quantile norm)
7786915048_R04C01,Horvath1,original,65.53935504610226,years,pyaging,https://github.com/rsinghlab/pyaging,pip-0.3.1,python-3.13.14,pyaging-0.3.1,predict_age:horvath2013,pyaging default (per-clock KNN/mean + gold-standard quantile norm)
7786923077_R04C01,Horvath1,original,66.13308432783938,years,pyaging,https://github.com/rsinghlab/pyaging,pip-0.3.1,python-3.13.14,pyaging-0.3.1,predict_age:horvath2013,pyaging default (per-clock KNN/mean + gold-standard quantile norm)
7512560138_R01C01,Horvath1,original,55.87893043796515,years,pyaging,https://github.com/rsinghlab/pyaging,pip-0.3.1,python-3.13.14,pyaging-0.3.1,predict_age:horvath2013,pyaging default (per-clock KNN/mean + gold-standard quantile norm)
7512560138_R02C01,Horvath1,original,51.58625324084063,years,pyaging,https://github.com/rsinghlab/pyaging,pip-0.3.1,python-3.13.14,pyaging-0.3.1,predict_age:horvath2013,pyaging default (per-clock KNN/mean + gold-standard quantile norm)
7786923035_R01C01,Horvath1,original,45.04412605354001,years,pyaging,https://github.com/rsinghlab/pyaging,pip-0.3.1,python-3.13.14,pyaging-0.3.1,predict_age:horvath2013,pyaging default (per-clock KNN/mean + gold-standard quantile norm)
7512578059_R01C02,Horvath1,original,54.59724820659517,years,pyaging,https://github.com/rsinghlab/pyaging,pip-0.3.1,python-3.13.14,pyaging-0.3.1,predict_age:horvath2013,pyaging default (per-clock KNN/mean + gold-standard quantile norm)
7512578059_R02C02,Horvath1,original,48.90473916098635,years,pyaging,https://github.com/rsinghlab/pyaging,pip-0.3.1,python-3.13.14,pyaging-0.3.1,predict_age:horvath2013,pyaging default (per-clock KNN/mean + gold-standard quantile norm)
7512578059_R03C02,Horvath1,original,49.64048953788371,years,pyaging,https://github.com/rsinghlab/pyaging,pip-0.3.1,python-3.13.14,pyaging-0.3.1,predict_age:horvath2013,pyaging default (per-clock KNN/mean + gold-standard quantile norm)
7512578059_R05C02,Horvath1,original,59.450622504022725,years,pyaging,https://github.com/rsinghlab/pyaging,pip-0.3.1,python-3.13.14,pyaging-0.3.1,predict_age:horvath2013,pyaging default (per-clock KNN/mean + gold-standard quantile norm)
7786915157_R01C02,Horvath1,original,51.813878547938714,years,pyaging,https://github.com/rsinghlab/pyaging,pip-0.3.1,python-3.13.14,pyaging-0.3.1,predict_age:horvath2013,pyaging default (per-clock KNN/mean + gold-standard quantile norm)
7786915047_R02C02,Horvath1,original,58.515177327434266,years,pyaging,https://github.com/rsinghlab/pyaging,pip-0.3.1,python-3.13.14,pyaging-0.3.1,predict_age:horvath2013,pyaging default (per-clock KNN/mean + gold-standard quantile norm)
7786915157_R03C01,Horvath1,original,55.24172472358856,years,pyaging,https://github.com/rsinghlab/pyaging,pip-0.3.1,python-3.13.14,pyaging-0.3.1,predict_age:horvath2013,pyaging default (per-clock KNN/mean + gold-standard quantile norm)
7786915157_R04C01,Horvath1,original,42.173263663373646,years,pyaging,https://github.com/rsinghlab/pyaging,pip-0.3.1,python-3.13.14,pyaging-0.3.1,predict_age:horvath2013,pyaging default (per-clock KNN/mean + gold-standard quantile norm)
7786915157_R04C02,Horvath1,original,50.1955202890436,years,pyaging,https://github.com/rsinghlab/pyaging,pip-0.3.1,python-3.13.14,pyaging-0.3.1,predict_age:horvath2013,pyaging default (per-clock KNN/mean + gold-standard quantile norm)
7786915157_R06C01,Horvath1,original,63.166604102948284,years,pyaging,https://github.com/rsinghlab/pyaging,pip-0.3.1,python-3.13.14,pyaging-0.3.1,predict_age:horvath2013,pyaging default (per-clock KNN/mean + gold-standard quantile norm)
7471147081_R06C01,Horvath1,original,47.63328895236633,years,pyaging,https://github.com/rsinghlab/pyaging,pip-0.3.1,python-3.13.14,pyaging-0.3.1,predict_age:horvath2013,pyaging default (per-clock KNN/mean + gold-standard quantile norm)
7786915035_R05C01,Horvath1,original,51.52553586669527,years,pyaging,https://github.com/rsinghlab/pyaging,pip-0.3.1,python-3.13.14,pyaging-0.3.1,predict_age:horvath2013,pyaging default (per-clock KNN/mean + gold-standard quantile norm)
7512551008_R06C01,Horvath1,original,51.80673539190788,years,pyaging,https://github.com/rsinghlab/pyaging,pip-0.3.1,python-3.13.14,pyaging-0.3.1,predict_age:horvath2013,pyaging default (per-clock KNN/mean + gold-standard quantile norm)
7786915069_R03C01,Horvath1,original,67.23646428633732,years,pyaging,https://github.com/rsinghlab/pyaging,pip-0.3.1,python-3.13.14,pyaging-0.3.1,predict_age:horvath2013,pyaging default (per-clock KNN/mean + gold-standard quantile norm)
7512551008_R05C02,Horvath1,original,49.8050210455641,years,pyaging,https://github.com/rsinghlab/pyaging,pip-0.3.1,python-3.13.14,pyaging-0.3.1,predict_age:horvath2013,pyaging default (per-clock KNN/mean + gold-standard quantile norm)
7471147034_R03C01,Horvath1,PC,57.76208482480321,years,pyaging,https://github.com/rsinghlab/pyaging,pip-0.3.1,python-3.13.14,pyaging-0.3.1,predict_age:pchorvath2013,pyaging default (per-clock KNN/mean + gold-standard quantile norm)
7471147069_R02C02,Horvath1,PC,47.039643536214534,years,pyaging,https://github.com/rsinghlab/pyaging,pip-0.3.1,python-3.13.14,pyaging-0.3.1,predict_age:pchorvath2013,pyaging default (per-clock KNN/mean + gold-standard quantile norm)
7471147072_R01C02,Horvath1,PC,54.40640481010392,years,pyaging,https://github.com/rsinghlab/pyaging,pip-0.3.1,python-3.13.14,pyaging-0.3.1,predict_age:pchorvath2013,pyaging default (per-clock KNN/mean + gold-standard quantile norm)
7471147089_R06C01,Horvath1,PC,55.51727948867705,years,pyaging,https://github.com/rsinghlab/pyaging,pip-0.3.1,python-3.13.14,pyaging-0.3.1,predict_age:pchorvath2013,pyaging default (per-clock KNN/mean + gold-standard quantile norm)
7471147107_R05C02,Horvath1,PC,64.56909376583272,years,pyaging,https://github.com/rsinghlab/pyaging,pip-0.3.1,python-3.13.14,pyaging-0.3.1,predict_age:pchorvath2013,pyaging default (per-clock KNN/mean + gold-standard quantile norm)
7471147134_R02C01,Horvath1,PC,45.77475039821867,years,pyaging,https://github.com/rsinghlab/pyaging,pip-0.3.1,python-3.13.14,pyaging-0.3.1,predict_age:pchorvath2013,pyaging default (per-clock KNN/mean + gold-standard quantile norm)
7471147145_R06C01,Horvath1,PC,55.967214305111085,years,pyaging,https://github.com/rsinghlab/pyaging,pip-0.3.1,python-3.13.14,pyaging-0.3.1,predict_age:pchorvath2013,pyaging default (per-clock KNN/mean + gold-standard quantile norm)
7471147149_R06C01,Horvath1,PC,49.91660483051934,years,pyaging,https://github.com/rsinghlab/pyaging,pip-0.3.1,python-3.13.14,pyaging-0.3.1,predict_age:pchorvath2013,pyaging default (per-clock KNN/mean + gold-standard quantile norm)
7507875153_R03C02,Horvath1,PC,59.84926424232678,years,pyaging,https://github.com/rsinghlab/pyaging,pip-0.3.1,python-3.13.14,pyaging-0.3.1,predict_age:pchorvath2013,pyaging default (per-clock KNN/mean + gold-standard quantile norm)
7507875154_R05C01,Horvath1,PC,52.8960996675517,years,pyaging,https://github.com/rsinghlab/pyaging,pip-0.3.1,python-3.13.14,pyaging-0.3.1,predict_age:pchorvath2013,pyaging default (per-clock KNN/mean + gold-standard quantile norm)
7512560087_R03C01,Horvath1,PC,62.56784594648169,years,pyaging,https://github.com/rsinghlab/pyaging,pip-0.3.1,python-3.13.14,pyaging-0.3.1,predict_age:pchorvath2013,pyaging default (per-clock KNN/mean + gold-standard quantile norm)
7786915023_R02C02,Horvath1,PC,57.36742056764005,years,pyaging,https://github.com/rsinghlab/pyaging,pip-0.3.1,python-3.13.14,pyaging-0.3.1,predict_age:pchorvath2013,pyaging default (per-clock KNN/mean + gold-standard quantile norm)
7786915052_R01C01,Horvath1,PC,56.49755671448647,years,pyaging,https://github.com/rsinghlab/pyaging,pip-0.3.1,python-3.13.14,pyaging-0.3.1,predict_age:pchorvath2013,pyaging default (per-clock KNN/mean + gold-standard quantile norm)
7786915105_R02C01,Horvath1,PC,62.69073610664507,years,pyaging,https://github.com/rsinghlab/pyaging,pip-0.3.1,python-3.13.14,pyaging-0.3.1,predict_age:pchorvath2013,pyaging default (per-clock KNN/mean + gold-standard quantile norm)
7786915135_R04C02,Horvath1,PC,52.68792452555781,years,pyaging,https://github.com/rsinghlab/pyaging,pip-0.3.1,python-3.13.14,pyaging-0.3.1,predict_age:pchorvath2013,pyaging default (per-clock KNN/mean + gold-standard quantile norm)
7786915153_R05C01,Horvath1,PC,67.03712972244563,years,pyaging,https://github.com/rsinghlab/pyaging,pip-0.3.1,python-3.13.14,pyaging-0.3.1,predict_age:pchorvath2013,pyaging default (per-clock KNN/mean + gold-standard quantile norm)
7786923001_R06C01,Horvath1,PC,54.376610339951995,years,pyaging,https://github.com/rsinghlab/pyaging,pip-0.3.1,python-3.13.14,pyaging-0.3.1,predict_age:pchorvath2013,pyaging default (per-clock KNN/mean + gold-standard quantile norm)
7786923023_R02C01,Horvath1,PC,63.468118583230414,years,pyaging,https://github.com/rsinghlab/pyaging,pip-0.3.1,python-3.13.14,pyaging-0.3.1,predict_age:pchorvath2013,pyaging default (per-clock KNN/mean + gold-standard quantile norm)
7786923028_R03C01,Horvath1,PC,53.148502260975015,years,pyaging,https://github.com/rsinghlab/pyaging,pip-0.3.1,python-3.13.14,pyaging-0.3.1,predict_age:pchorvath2013,pyaging default (per-clock KNN/mean + gold-standard quantile norm)
7786923028_R05C02,Horvath1,PC,55.10851772944175,years,pyaging,https://github.com/rsinghlab/pyaging,pip-0.3.1,python-3.13.14,pyaging-0.3.1,predict_age:pchorvath2013,pyaging default (per-clock KNN/mean + gold-standard quantile norm)
7786923038_R03C02,Horvath1,PC,49.0105287823796,years,pyaging,https://github.com/rsinghlab/pyaging,pip-0.3.1,python-3.13.14,pyaging-0.3.1,predict_age:pchorvath2013,pyaging default (per-clock KNN/mean + gold-standard quantile norm)
7786923050_R03C01,Horvath1,PC,46.46471167806021,years,pyaging,https://github.com/rsinghlab/pyaging,pip-0.3.1,python-3.13.14,pyaging-0.3.1,predict_age:pchorvath2013,pyaging default (per-clock KNN/mean + gold-standard quantile norm)
7786923066_R01C01,Horvath1,PC,43.639594399942396,years,pyaging,https://github.com/rsinghlab/pyaging,pip-0.3.1,python-3.13.14,pyaging-0.3.1,predict_age:pchorvath2013,pyaging default (per-clock KNN/mean + gold-standard quantile norm)
7786923067_R06C01,Horvath1,PC,63.7841892606047,years,pyaging,https://github.com/rsinghlab/pyaging,pip-0.3.1,python-3.13.14,pyaging-0.3.1,predict_age:pchorvath2013,pyaging default (per-clock KNN/mean + gold-standard quantile norm)
7796814020_R04C02,Horvath1,PC,73.32059782561186,years,pyaging,https://github.com/rsinghlab/pyaging,pip-0.3.1,python-3.13.14,pyaging-0.3.1,predict_age:pchorvath2013,pyaging default (per-clock KNN/mean + gold-standard quantile norm)
7512560138_R04C01,Horvath1,PC,46.842822946393284,years,pyaging,https://github.com/rsinghlab/pyaging,pip-0.3.1,python-3.13.14,pyaging-0.3.1,predict_age:pchorvath2013,pyaging default (per-clock KNN/mean + gold-standard quantile norm)
7512560138_R05C01,Horvath1,PC,55.31299410651074,years,pyaging,https://github.com/rsinghlab/pyaging,pip-0.3.1,python-3.13.14,pyaging-0.3.1,predict_age:pchorvath2013,pyaging default (per-clock KNN/mean + gold-standard quantile norm)
7512560138_R06C01,Horvath1,PC,62.34377727733039,years,pyaging,https://github.com/rsinghlab/pyaging,pip-0.3.1,python-3.13.14,pyaging-0.3.1,predict_age:pchorvath2013,pyaging default (per-clock KNN/mean + gold-standard quantile norm)
7786915116_R06C02,Horvath1,PC,49.592909834172175,years,pyaging,https://github.com/rsinghlab/pyaging,pip-0.3.1,python-3.13.14,pyaging-0.3.1,predict_age:pchorvath2013,pyaging default (per-clock KNN/mean + gold-standard quantile norm)
7471147022_R02C02,Horvath1,PC,57.3900325385624,years,pyaging,https://github.com/rsinghlab/pyaging,pip-0.3.1,python-3.13.14,pyaging-0.3.1,predict_age:pchorvath2013,pyaging default (per-clock KNN/mean + gold-standard quantile norm)
7786915075_R05C01,Horvath1,PC,66.17900859296742,years,pyaging,https://github.com/rsinghlab/pyaging,pip-0.3.1,python-3.13.14,pyaging-0.3.1,predict_age:pchorvath2013,pyaging default (per-clock KNN/mean + gold-standard quantile norm)
7512551008_R01C01,Horvath1,PC,49.859819769063144,years,pyaging,https://github.com/rsinghlab/pyaging,pip-0.3.1,python-3.13.14,pyaging-0.3.1,predict_age:pchorvath2013,pyaging default (per-clock KNN/mean + gold-standard quantile norm)
7512551008_R01C02,Horvath1,PC,58.37045066002783,years,pyaging,https://github.com/rsinghlab/pyaging,pip-0.3.1,python-3.13.14,pyaging-0.3.1,predict_age:pchorvath2013,pyaging default (per-clock KNN/mean + gold-standard quantile norm)
7512551008_R02C01,Horvath1,PC,73.58350147217418,years,pyaging,https://github.com/rsinghlab/pyaging,pip-0.3.1,python-3.13.14,pyaging-0.3.1,predict_age:pchorvath2013,pyaging default (per-clock KNN/mean + gold-standard quantile norm)
7512551008_R02C02,Horvath1,PC,58.898341283578276,years,pyaging,https://github.com/rsinghlab/pyaging,pip-0.3.1,python-3.13.14,pyaging-0.3.1,predict_age:pchorvath2013,pyaging default (per-clock KNN/mean + gold-standard quantile norm)
7512551008_R03C01,Horvath1,PC,63.458278744831965,years,pyaging,https://github.com/rsinghlab/pyaging,pip-0.3.1,python-3.13.14,pyaging-0.3.1,predict_age:pchorvath2013,pyaging default (per-clock KNN/mean + gold-standard quantile norm)
7512551008_R03C02,Horvath1,PC,55.89033071102184,years,pyaging,https://github.com/rsinghlab/pyaging,pip-0.3.1,python-3.13.14,pyaging-0.3.1,predict_age:pchorvath2013,pyaging default (per-clock KNN/mean + gold-standard quantile norm)
7512551008_R04C01,Horvath1,PC,55.15527551341003,years,pyaging,https://github.com/rsinghlab/pyaging,pip-0.3.1,python-3.13.14,pyaging-0.3.1,predict_age:pchorvath2013,pyaging default (per-clock KNN/mean + gold-standard quantile norm)
7512551008_R04C02,Horvath1,PC,66.33913932208623,years,pyaging,https://github.com/rsinghlab/pyaging,pip-0.3.1,python-3.13.14,pyaging-0.3.1,predict_age:pchorvath2013,pyaging default (per-clock KNN/mean + gold-standard quantile norm)
7512551008_R05C01,Horvath1,PC,65.0009217390116,years,pyaging,https://github.com/rsinghlab/pyaging,pip-0.3.1,python-3.13.14,pyaging-0.3.1,predict_age:pchorvath2013,pyaging default (per-clock KNN/mean + gold-standard quantile norm)
7512551008_R06C02,Horvath1,PC,54.603469666688135,years,pyaging,https://github.com/rsinghlab/pyaging,pip-0.3.1,python-3.13.14,pyaging-0.3.1,predict_age:pchorvath2013,pyaging default (per-clock KNN/mean + gold-standard quantile norm)
7512578059_R04C02,Horvath1,PC,48.40682891286875,years,pyaging,https://github.com/rsinghlab/pyaging,pip-0.3.1,python-3.13.14,pyaging-0.3.1,predict_age:pchorvath2013,pyaging default (per-clock KNN/mean + gold-standard quantile norm)
7512578059_R06C02,Horvath1,PC,43.65859597514856,years,pyaging,https://github.com/rsinghlab/pyaging,pip-0.3.1,python-3.13.14,pyaging-0.3.1,predict_age:pchorvath2013,pyaging default (per-clock KNN/mean + gold-standard quantile norm)
7786915157_R01C01,Horvath1,PC,61.68065421742624,years,pyaging,https://github.com/rsinghlab/pyaging,pip-0.3.1,python-3.13.14,pyaging-0.3.1,predict_age:pchorvath2013,pyaging default (per-clock KNN/mean + gold-standard quantile norm)
7786915157_R02C01,Horvath1,PC,66.8782242535774,years,pyaging,https://github.com/rsinghlab/pyaging,pip-0.3.1,python-3.13.14,pyaging-0.3.1,predict_age:pchorvath2013,pyaging default (per-clock KNN/mean + gold-standard quantile norm)
7786915157_R02C02,Horvath1,PC,58.20541511949672,years,pyaging,https://github.com/rsinghlab/pyaging,pip-0.3.1,python-3.13.14,pyaging-0.3.1,predict_age:pchorvath2013,pyaging default (per-clock KNN/mean + gold-standard quantile norm)
7786915157_R03C02,Horvath1,PC,48.28246738022064,years,pyaging,https://github.com/rsinghlab/pyaging,pip-0.3.1,python-3.13.14,pyaging-0.3.1,predict_age:pchorvath2013,pyaging default (per-clock KNN/mean + gold-standard quantile norm)
7471147067_R02C02,Horvath1,PC,51.914826651412085,years,pyaging,https://github.com/rsinghlab/pyaging,pip-0.3.1,python-3.13.14,pyaging-0.3.1,predict_age:pchorvath2013,pyaging default (per-clock KNN/mean + gold-standard quantile norm)
7786915157_R05C01,Horvath1,PC,64.6195730868558,years,pyaging,https://github.com/rsinghlab/pyaging,pip-0.3.1,python-3.13.14,pyaging-0.3.1,predict_age:pchorvath2013,pyaging default (per-clock KNN/mean + gold-standard quantile norm)
7786915157_R05C02,Horvath1,PC,53.25729379086294,years,pyaging,https://github.com/rsinghlab/pyaging,pip-0.3.1,python-3.13.14,pyaging-0.3.1,predict_age:pchorvath2013,pyaging default (per-clock KNN/mean + gold-standard quantile norm)
7786915157_R06C02,Horvath1,PC,56.32968104927562,years,pyaging,https://github.com/rsinghlab/pyaging,pip-0.3.1,python-3.13.14,pyaging-0.3.1,predict_age:pchorvath2013,pyaging default (per-clock KNN/mean + gold-standard quantile norm)
7512560138_R03C01,Horvath1,PC,51.68519282125089,years,pyaging,https://github.com/rsinghlab/pyaging,pip-0.3.1,python-3.13.14,pyaging-0.3.1,predict_age:pchorvath2013,pyaging default (per-clock KNN/mean + gold-standard quantile norm)
7786915048_R04C01,Horvath1,PC,64.5813380157758,years,pyaging,https://github.com/rsinghlab/pyaging,pip-0.3.1,python-3.13.14,pyaging-0.3.1,predict_age:pchorvath2013,pyaging default (per-clock KNN/mean + gold-standard quantile norm)
7786923077_R04C01,Horvath1,PC,67.73930736543731,years,pyaging,https://github.com/rsinghlab/pyaging,pip-0.3.1,python-3.13.14,pyaging-0.3.1,predict_age:pchorvath2013,pyaging default (per-clock KNN/mean + gold-standard quantile norm)
7512560138_R01C01,Horvath1,PC,65.12580384231069,years,pyaging,https://github.com/rsinghlab/pyaging,pip-0.3.1,python-3.13.14,pyaging-0.3.1,predict_age:pchorvath2013,pyaging default (per-clock KNN/mean + gold-standard quantile norm)
7512560138_R02C01,Horvath1,PC,55.09998369952967,years,pyaging,https://github.com/rsinghlab/pyaging,pip-0.3.1,python-3.13.14,pyaging-0.3.1,predict_age:pchorvath2013,pyaging default (per-clock KNN/mean + gold-standard quantile norm)
7786923035_R01C01,Horvath1,PC,48.50850443742429,years,pyaging,https://github.com/rsinghlab/pyaging,pip-0.3.1,python-3.13.14,pyaging-0.3.1,predict_age:pchorvath2013,pyaging default (per-clock KNN/mean + gold-standard quantile norm)
7512578059_R01C02,Horvath1,PC,50.233481157802345,years,pyaging,https://github.com/rsinghlab/pyaging,pip-0.3.1,python-3.13.14,pyaging-0.3.1,predict_age:pchorvath2013,pyaging default (per-clock KNN/mean + gold-standard quantile norm)
7512578059_R02C02,Horvath1,PC,49.23149488852212,years,pyaging,https://github.com/rsinghlab/pyaging,pip-0.3.1,python-3.13.14,pyaging-0.3.1,predict_age:pchorvath2013,pyaging default (per-clock KNN/mean + gold-standard quantile norm)
7512578059_R03C02,Horvath1,PC,48.51194469833578,years,pyaging,https://github.com/rsinghlab/pyaging,pip-0.3.1,python-3.13.14,pyaging-0.3.1,predict_age:pchorvath2013,pyaging default (per-clock KNN/mean + gold-standard quantile norm)
7512578059_R05C02,Horvath1,PC,61.815113749135044,years,pyaging,https://github.com/rsinghlab/pyaging,pip-0.3.1,python-3.13.14,pyaging-0.3.1,predict_age:pchorvath2013,pyaging default (per-clock KNN/mean + gold-standard quantile norm)
7786915157_R01C02,Horvath1,PC,55.64521034177301,years,pyaging,https://github.com/rsinghlab/pyaging,pip-0.3.1,python-3.13.14,pyaging-0.3.1,predict_age:pchorvath2013,pyaging default (per-clock KNN/mean + gold-standard quantile norm)
7786915047_R02C02,Horvath1,PC,54.130266526825395,years,pyaging,https://github.com/rsinghlab/pyaging,pip-0.3.1,python-3.13.14,pyaging-0.3.1,predict_age:pchorvath2013,pyaging default (per-clock KNN/mean + gold-standard quantile norm)
7786915157_R03C01,Horvath1,PC,54.18304286077797,years,pyaging,https://github.com/rsinghlab/pyaging,pip-0.3.1,python-3.13.14,pyaging-0.3.1,predict_age:pchorvath2013,pyaging default (per-clock KNN/mean + gold-standard quantile norm)
7786915157_R04C01,Horvath1,PC,46.4501326764818,years,pyaging,https://github.com/rsinghlab/pyaging,pip-0.3.1,python-3.13.14,pyaging-0.3.1,predict_age:pchorvath2013,pyaging default (per-clock KNN/mean + gold-standard quantile norm)
7786915157_R04C02,Horvath1,PC,56.51830827033465,years,pyaging,https://github.com/rsinghlab/pyaging,pip-0.3.1,python-3.13.14,pyaging-0.3.1,predict_age:pchorvath2013,pyaging default (per-clock KNN/mean + gold-standard quantile norm)
7786915157_R06C01,Horvath1,PC,62.40448906013465,years,pyaging,https://github.com/rsinghlab/pyaging,pip-0.3.1,python-3.13.14,pyaging-0.3.1,predict_age:pchorvath2013,pyaging default (per-clock KNN/mean + gold-standard quantile norm)
7471147081_R06C01,Horvath1,PC,54.0761376573888,years,pyaging,https://github.com/rsinghlab/pyaging,pip-0.3.1,python-3.13.14,pyaging-0.3.1,predict_age:pchorvath2013,pyaging default (per-clock KNN/mean + gold-standard quantile norm)
7786915035_R05C01,Horvath1,PC,50.54468983516587,years,pyaging,https://github.com/rsinghlab/pyaging,pip-0.3.1,python-3.13.14,pyaging-0.3.1,predict_age:pchorvath2013,pyaging default (per-clock KNN/mean + gold-standard quantile norm)
7512551008_R06C01,Horvath1,PC,54.3369658448886,years,pyaging,https://github.com/rsinghlab/pyaging,pip-0.3.1,python-3.13.14,pyaging-0.3.1,predict_age:pchorvath2013,pyaging default (per-clock KNN/mean + gold-standard quantile norm)
7786915069_R03C01,Horvath1,PC,65.34018806044071,years,pyaging,https://github.com/rsinghlab/pyaging,pip-0.3.1,python-3.13.14,pyaging-0.3.1,predict_age:pchorvath2013,pyaging default (per-clock KNN/mean + gold-standard quantile norm)
7512551008_R05C02,Horvath1,PC,53.333888434602706,years,pyaging,https://github.com/rsinghlab/pyaging,pip-0.3.1,python-3.13.14,pyaging-0.3.1,predict_age:pchorvath2013,pyaging default (per-clock KNN/mean + gold-standard quantile norm)
7471147034_R03C01,Hannum,original,58.986643302097356,years,pyaging,https://github.com/rsinghlab/pyaging,pip-0.3.1,python-3.13.14,pyaging-0.3.1,predict_age:hannum,pyaging default (per-clock KNN/mean + gold-standard quantile norm)
7471147069_R02C02,Hannum,original,48.36289587571658,years,pyaging,https://github.com/rsinghlab/pyaging,pip-0.3.1,python-3.13.14,pyaging-0.3.1,predict_age:hannum,pyaging default (per-clock KNN/mean + gold-standard quantile norm)
7471147072_R01C02,Hannum,original,64.31164530055614,years,pyaging,https://github.com/rsinghlab/pyaging,pip-0.3.1,python-3.13.14,pyaging-0.3.1,predict_age:hannum,pyaging default (per-clock KNN/mean + gold-standard quantile norm)
7471147089_R06C01,Hannum,original,64.26547622655637,years,pyaging,https://github.com/rsinghlab/pyaging,pip-0.3.1,python-3.13.14,pyaging-0.3.1,predict_age:hannum,pyaging default (per-clock KNN/mean + gold-standard quantile norm)
7471147107_R05C02,Hannum,original,69.58189873828726,years,pyaging,https://github.com/rsinghlab/pyaging,pip-0.3.1,python-3.13.14,pyaging-0.3.1,predict_age:hannum,pyaging default (per-clock KNN/mean + gold-standard quantile norm)
7471147134_R02C01,Hannum,original,46.03475517012003,years,pyaging,https://github.com/rsinghlab/pyaging,pip-0.3.1,python-3.13.14,pyaging-0.3.1,predict_age:hannum,pyaging default (per-clock KNN/mean + gold-standard quantile norm)
7471147145_R06C01,Hannum,original,55.05765372573883,years,pyaging,https://github.com/rsinghlab/pyaging,pip-0.3.1,python-3.13.14,pyaging-0.3.1,predict_age:hannum,pyaging default (per-clock KNN/mean + gold-standard quantile norm)
7471147149_R06C01,Hannum,original,53.59732349490646,years,pyaging,https://github.com/rsinghlab/pyaging,pip-0.3.1,python-3.13.14,pyaging-0.3.1,predict_age:hannum,pyaging default (per-clock KNN/mean + gold-standard quantile norm)
7507875153_R03C02,Hannum,original,70.86549511885451,years,pyaging,https://github.com/rsinghlab/pyaging,pip-0.3.1,python-3.13.14,pyaging-0.3.1,predict_age:hannum,pyaging default (per-clock KNN/mean + gold-standard quantile norm)
7507875154_R05C01,Hannum,original,58.61931178604826,years,pyaging,https://github.com/rsinghlab/pyaging,pip-0.3.1,python-3.13.14,pyaging-0.3.1,predict_age:hannum,pyaging default (per-clock KNN/mean + gold-standard quantile norm)
7512560087_R03C01,Hannum,original,72.30544125957952,years,pyaging,https://github.com/rsinghlab/pyaging,pip-0.3.1,python-3.13.14,pyaging-0.3.1,predict_age:hannum,pyaging default (per-clock KNN/mean + gold-standard quantile norm)
7786915023_R02C02,Hannum,original,62.33422207335635,years,pyaging,https://github.com/rsinghlab/pyaging,pip-0.3.1,python-3.13.14,pyaging-0.3.1,predict_age:hannum,pyaging default (per-clock KNN/mean + gold-standard quantile norm)
7786915052_R01C01,Hannum,original,63.97687922510397,years,pyaging,https://github.com/rsinghlab/pyaging,pip-0.3.1,python-3.13.14,pyaging-0.3.1,predict_age:hannum,pyaging default (per-clock KNN/mean + gold-standard quantile norm)
7786915105_R02C01,Hannum,original,63.35574384479637,years,pyaging,https://github.com/rsinghlab/pyaging,pip-0.3.1,python-3.13.14,pyaging-0.3.1,predict_age:hannum,pyaging default (per-clock KNN/mean + gold-standard quantile norm)
7786915135_R04C02,Hannum,original,53.90138718906443,years,pyaging,https://github.com/rsinghlab/pyaging,pip-0.3.1,python-3.13.14,pyaging-0.3.1,predict_age:hannum,pyaging default (per-clock KNN/mean + gold-standard quantile norm)
7786915153_R05C01,Hannum,original,73.98150758644778,years,pyaging,https://github.com/rsinghlab/pyaging,pip-0.3.1,python-3.13.14,pyaging-0.3.1,predict_age:hannum,pyaging default (per-clock KNN/mean + gold-standard quantile norm)
7786923001_R06C01,Hannum,original,58.968641199135455,years,pyaging,https://github.com/rsinghlab/pyaging,pip-0.3.1,python-3.13.14,pyaging-0.3.1,predict_age:hannum,pyaging default (per-clock KNN/mean + gold-standard quantile norm)
7786923023_R02C01,Hannum,original,64.23227636187262,years,pyaging,https://github.com/rsinghlab/pyaging,pip-0.3.1,python-3.13.14,pyaging-0.3.1,predict_age:hannum,pyaging default (per-clock KNN/mean + gold-standard quantile norm)
7786923028_R03C01,Hannum,original,61.276377725072,years,pyaging,https://github.com/rsinghlab/pyaging,pip-0.3.1,python-3.13.14,pyaging-0.3.1,predict_age:hannum,pyaging default (per-clock KNN/mean + gold-standard quantile norm)
7786923028_R05C02,Hannum,original,61.6118046239389,years,pyaging,https://github.com/rsinghlab/pyaging,pip-0.3.1,python-3.13.14,pyaging-0.3.1,predict_age:hannum,pyaging default (per-clock KNN/mean + gold-standard quantile norm)
7786923038_R03C02,Hannum,original,53.81368491319868,years,pyaging,https://github.com/rsinghlab/pyaging,pip-0.3.1,python-3.13.14,pyaging-0.3.1,predict_age:hannum,pyaging default (per-clock KNN/mean + gold-standard quantile norm)
7786923050_R03C01,Hannum,original,49.38071868827931,years,pyaging,https://github.com/rsinghlab/pyaging,pip-0.3.1,python-3.13.14,pyaging-0.3.1,predict_age:hannum,pyaging default (per-clock KNN/mean + gold-standard quantile norm)
7786923066_R01C01,Hannum,original,51.03100179198542,years,pyaging,https://github.com/rsinghlab/pyaging,pip-0.3.1,python-3.13.14,pyaging-0.3.1,predict_age:hannum,pyaging default (per-clock KNN/mean + gold-standard quantile norm)
7786923067_R06C01,Hannum,original,71.82165098438647,years,pyaging,https://github.com/rsinghlab/pyaging,pip-0.3.1,python-3.13.14,pyaging-0.3.1,predict_age:hannum,pyaging default (per-clock KNN/mean + gold-standard quantile norm)
7796814020_R04C02,Hannum,original,77.53573107624159,years,pyaging,https://github.com/rsinghlab/pyaging,pip-0.3.1,python-3.13.14,pyaging-0.3.1,predict_age:hannum,pyaging default (per-clock KNN/mean + gold-standard quantile norm)
7512560138_R04C01,Hannum,original,46.617995020141706,years,pyaging,https://github.com/rsinghlab/pyaging,pip-0.3.1,python-3.13.14,pyaging-0.3.1,predict_age:hannum,pyaging default (per-clock KNN/mean + gold-standard quantile norm)
7512560138_R05C01,Hannum,original,64.18799129707017,years,pyaging,https://github.com/rsinghlab/pyaging,pip-0.3.1,python-3.13.14,pyaging-0.3.1,predict_age:hannum,pyaging default (per-clock KNN/mean + gold-standard quantile norm)
7512560138_R06C01,Hannum,original,72.30814761945813,years,pyaging,https://github.com/rsinghlab/pyaging,pip-0.3.1,python-3.13.14,pyaging-0.3.1,predict_age:hannum,pyaging default (per-clock KNN/mean + gold-standard quantile norm)
7786915116_R06C02,Hannum,original,54.41463913537804,years,pyaging,https://github.com/rsinghlab/pyaging,pip-0.3.1,python-3.13.14,pyaging-0.3.1,predict_age:hannum,pyaging default (per-clock KNN/mean + gold-standard quantile norm)
7471147022_R02C02,Hannum,original,63.201786238196235,years,pyaging,https://github.com/rsinghlab/pyaging,pip-0.3.1,python-3.13.14,pyaging-0.3.1,predict_age:hannum,pyaging default (per-clock KNN/mean + gold-standard quantile norm)
7786915075_R05C01,Hannum,original,83.5564834533539,years,pyaging,https://github.com/rsinghlab/pyaging,pip-0.3.1,python-3.13.14,pyaging-0.3.1,predict_age:hannum,pyaging default (per-clock KNN/mean + gold-standard quantile norm)
7512551008_R01C01,Hannum,original,53.40977695405064,years,pyaging,https://github.com/rsinghlab/pyaging,pip-0.3.1,python-3.13.14,pyaging-0.3.1,predict_age:hannum,pyaging default (per-clock KNN/mean + gold-standard quantile norm)
7512551008_R01C02,Hannum,original,63.5236382915896,years,pyaging,https://github.com/rsinghlab/pyaging,pip-0.3.1,python-3.13.14,pyaging-0.3.1,predict_age:hannum,pyaging default (per-clock KNN/mean + gold-standard quantile norm)
7512551008_R02C01,Hannum,original,80.3715265354539,years,pyaging,https://github.com/rsinghlab/pyaging,pip-0.3.1,python-3.13.14,pyaging-0.3.1,predict_age:hannum,pyaging default (per-clock KNN/mean + gold-standard quantile norm)
7512551008_R02C02,Hannum,original,68.16453329246477,years,pyaging,https://github.com/rsinghlab/pyaging,pip-0.3.1,python-3.13.14,pyaging-0.3.1,predict_age:hannum,pyaging default (per-clock KNN/mean + gold-standard quantile norm)
7512551008_R03C01,Hannum,original,60.155519612190176,years,pyaging,https://github.com/rsinghlab/pyaging,pip-0.3.1,python-3.13.14,pyaging-0.3.1,predict_age:hannum,pyaging default (per-clock KNN/mean + gold-standard quantile norm)
7512551008_R03C02,Hannum,original,63.554647688994436,years,pyaging,https://github.com/rsinghlab/pyaging,pip-0.3.1,python-3.13.14,pyaging-0.3.1,predict_age:hannum,pyaging default (per-clock KNN/mean + gold-standard quantile norm)
7512551008_R04C01,Hannum,original,55.1683298827166,years,pyaging,https://github.com/rsinghlab/pyaging,pip-0.3.1,python-3.13.14,pyaging-0.3.1,predict_age:hannum,pyaging default (per-clock KNN/mean + gold-standard quantile norm)
7512551008_R04C02,Hannum,original,77.70928093020294,years,pyaging,https://github.com/rsinghlab/pyaging,pip-0.3.1,python-3.13.14,pyaging-0.3.1,predict_age:hannum,pyaging default (per-clock KNN/mean + gold-standard quantile norm)
7512551008_R05C01,Hannum,original,70.54861547446053,years,pyaging,https://github.com/rsinghlab/pyaging,pip-0.3.1,python-3.13.14,pyaging-0.3.1,predict_age:hannum,pyaging default (per-clock KNN/mean + gold-standard quantile norm)
7512551008_R06C02,Hannum,original,60.472381300777705,years,pyaging,https://github.com/rsinghlab/pyaging,pip-0.3.1,python-3.13.14,pyaging-0.3.1,predict_age:hannum,pyaging default (per-clock KNN/mean + gold-standard quantile norm)
7512578059_R04C02,Hannum,original,53.936563775557765,years,pyaging,https://github.com/rsinghlab/pyaging,pip-0.3.1,python-3.13.14,pyaging-0.3.1,predict_age:hannum,pyaging default (per-clock KNN/mean + gold-standard quantile norm)
7512578059_R06C02,Hannum,original,51.114511232015694,years,pyaging,https://github.com/rsinghlab/pyaging,pip-0.3.1,python-3.13.14,pyaging-0.3.1,predict_age:hannum,pyaging default (per-clock KNN/mean + gold-standard quantile norm)
7786915157_R01C01,Hannum,original,67.74373017235642,years,pyaging,https://github.com/rsinghlab/pyaging,pip-0.3.1,python-3.13.14,pyaging-0.3.1,predict_age:hannum,pyaging default (per-clock KNN/mean + gold-standard quantile norm)
7786915157_R02C01,Hannum,original,70.46538144810455,years,pyaging,https://github.com/rsinghlab/pyaging,pip-0.3.1,python-3.13.14,pyaging-0.3.1,predict_age:hannum,pyaging default (per-clock KNN/mean + gold-standard quantile norm)
7786915157_R02C02,Hannum,original,63.80170874643204,years,pyaging,https://github.com/rsinghlab/pyaging,pip-0.3.1,python-3.13.14,pyaging-0.3.1,predict_age:hannum,pyaging default (per-clock KNN/mean + gold-standard quantile norm)
7786915157_R03C02,Hannum,original,49.24054179938151,years,pyaging,https://github.com/rsinghlab/pyaging,pip-0.3.1,python-3.13.14,pyaging-0.3.1,predict_age:hannum,pyaging default (per-clock KNN/mean + gold-standard quantile norm)
7471147067_R02C02,Hannum,original,60.16211427043722,years,pyaging,https://github.com/rsinghlab/pyaging,pip-0.3.1,python-3.13.14,pyaging-0.3.1,predict_age:hannum,pyaging default (per-clock KNN/mean + gold-standard quantile norm)
7786915157_R05C01,Hannum,original,72.65128865057474,years,pyaging,https://github.com/rsinghlab/pyaging,pip-0.3.1,python-3.13.14,pyaging-0.3.1,predict_age:hannum,pyaging default (per-clock KNN/mean + gold-standard quantile norm)
7786915157_R05C02,Hannum,original,55.093019654125584,years,pyaging,https://github.com/rsinghlab/pyaging,pip-0.3.1,python-3.13.14,pyaging-0.3.1,predict_age:hannum,pyaging default (per-clock KNN/mean + gold-standard quantile norm)
7786915157_R06C02,Hannum,original,58.86948245902636,years,pyaging,https://github.com/rsinghlab/pyaging,pip-0.3.1,python-3.13.14,pyaging-0.3.1,predict_age:hannum,pyaging default (per-clock KNN/mean + gold-standard quantile norm)
7512560138_R03C01,Hannum,original,52.39346682174613,years,pyaging,https://github.com/rsinghlab/pyaging,pip-0.3.1,python-3.13.14,pyaging-0.3.1,predict_age:hannum,pyaging default (per-clock KNN/mean + gold-standard quantile norm)
7786915048_R04C01,Hannum,original,71.78829648192338,years,pyaging,https://github.com/rsinghlab/pyaging,pip-0.3.1,python-3.13.14,pyaging-0.3.1,predict_age:hannum,pyaging default (per-clock KNN/mean + gold-standard quantile norm)
7786923077_R04C01,Hannum,original,78.2206368490365,years,pyaging,https://github.com/rsinghlab/pyaging,pip-0.3.1,python-3.13.14,pyaging-0.3.1,predict_age:hannum,pyaging default (per-clock KNN/mean + gold-standard quantile norm)
7512560138_R01C01,Hannum,original,81.66391396949629,years,pyaging,https://github.com/rsinghlab/pyaging,pip-0.3.1,python-3.13.14,pyaging-0.3.1,predict_age:hannum,pyaging default (per-clock KNN/mean + gold-standard quantile norm)
7512560138_R02C01,Hannum,original,61.90518914394021,years,pyaging,https://github.com/rsinghlab/pyaging,pip-0.3.1,python-3.13.14,pyaging-0.3.1,predict_age:hannum,pyaging default (per-clock KNN/mean + gold-standard quantile norm)
7786923035_R01C01,Hannum,original,58.801072310181056,years,pyaging,https://github.com/rsinghlab/pyaging,pip-0.3.1,python-3.13.14,pyaging-0.3.1,predict_age:hannum,pyaging default (per-clock KNN/mean + gold-standard quantile norm)
7512578059_R01C02,Hannum,original,58.515624962779526,years,pyaging,https://github.com/rsinghlab/pyaging,pip-0.3.1,python-3.13.14,pyaging-0.3.1,predict_age:hannum,pyaging default (per-clock KNN/mean + gold-standard quantile norm)
7512578059_R02C02,Hannum,original,55.04783200117292,years,pyaging,https://github.com/rsinghlab/pyaging,pip-0.3.1,python-3.13.14,pyaging-0.3.1,predict_age:hannum,pyaging default (per-clock KNN/mean + gold-standard quantile norm)
7512578059_R03C02,Hannum,original,60.56509404470564,years,pyaging,https://github.com/rsinghlab/pyaging,pip-0.3.1,python-3.13.14,pyaging-0.3.1,predict_age:hannum,pyaging default (per-clock KNN/mean + gold-standard quantile norm)
7512578059_R05C02,Hannum,original,64.43765839721466,years,pyaging,https://github.com/rsinghlab/pyaging,pip-0.3.1,python-3.13.14,pyaging-0.3.1,predict_age:hannum,pyaging default (per-clock KNN/mean + gold-standard quantile norm)
7786915157_R01C02,Hannum,original,54.87399515012401,years,pyaging,https://github.com/rsinghlab/pyaging,pip-0.3.1,python-3.13.14,pyaging-0.3.1,predict_age:hannum,pyaging default (per-clock KNN/mean + gold-standard quantile norm)
7786915047_R02C02,Hannum,original,69.05957317341904,years,pyaging,https://github.com/rsinghlab/pyaging,pip-0.3.1,python-3.13.14,pyaging-0.3.1,predict_age:hannum,pyaging default (per-clock KNN/mean + gold-standard quantile norm)
7786915157_R03C01,Hannum,original,69.10742776209375,years,pyaging,https://github.com/rsinghlab/pyaging,pip-0.3.1,python-3.13.14,pyaging-0.3.1,predict_age:hannum,pyaging default (per-clock KNN/mean + gold-standard quantile norm)
7786915157_R04C01,Hannum,original,48.68664952673878,years,pyaging,https://github.com/rsinghlab/pyaging,pip-0.3.1,python-3.13.14,pyaging-0.3.1,predict_age:hannum,pyaging default (per-clock KNN/mean + gold-standard quantile norm)
7786915157_R04C02,Hannum,original,61.410217184747715,years,pyaging,https://github.com/rsinghlab/pyaging,pip-0.3.1,python-3.13.14,pyaging-0.3.1,predict_age:hannum,pyaging default (per-clock KNN/mean + gold-standard quantile norm)
7786915157_R06C01,Hannum,original,70.25093655317706,years,pyaging,https://github.com/rsinghlab/pyaging,pip-0.3.1,python-3.13.14,pyaging-0.3.1,predict_age:hannum,pyaging default (per-clock KNN/mean + gold-standard quantile norm)
7471147081_R06C01,Hannum,original,52.892920540572256,years,pyaging,https://github.com/rsinghlab/pyaging,pip-0.3.1,python-3.13.14,pyaging-0.3.1,predict_age:hannum,pyaging default (per-clock KNN/mean + gold-standard quantile norm)
7786915035_R05C01,Hannum,original,59.53766716172889,years,pyaging,https://github.com/rsinghlab/pyaging,pip-0.3.1,python-3.13.14,pyaging-0.3.1,predict_age:hannum,pyaging default (per-clock KNN/mean + gold-standard quantile norm)
7512551008_R06C01,Hannum,original,59.66105690658356,years,pyaging,https://github.com/rsinghlab/pyaging,pip-0.3.1,python-3.13.14,pyaging-0.3.1,predict_age:hannum,pyaging default (per-clock KNN/mean + gold-standard quantile norm)
7786915069_R03C01,Hannum,original,67.96574961294502,years,pyaging,https://github.com/rsinghlab/pyaging,pip-0.3.1,python-3.13.14,pyaging-0.3.1,predict_age:hannum,pyaging default (per-clock KNN/mean + gold-standard quantile norm)
7512551008_R05C02,Hannum,original,60.98083552132841,years,pyaging,https://github.com/rsinghlab/pyaging,pip-0.3.1,python-3.13.14,pyaging-0.3.1,predict_age:hannum,pyaging default (per-clock KNN/mean + gold-standard quantile norm)
7471147034_R03C01,Hannum,PC,58.28112598480642,years,pyaging,https://github.com/rsinghlab/pyaging,pip-0.3.1,python-3.13.14,pyaging-0.3.1,predict_age:pchannum,pyaging default (per-clock KNN/mean + gold-standard quantile norm)
7471147069_R02C02,Hannum,PC,51.03614776562246,years,pyaging,https://github.com/rsinghlab/pyaging,pip-0.3.1,python-3.13.14,pyaging-0.3.1,predict_age:pchannum,pyaging default (per-clock KNN/mean + gold-standard quantile norm)
7471147072_R01C02,Hannum,PC,62.32598284781316,years,pyaging,https://github.com/rsinghlab/pyaging,pip-0.3.1,python-3.13.14,pyaging-0.3.1,predict_age:pchannum,pyaging default (per-clock KNN/mean + gold-standard quantile norm)
7471147089_R06C01,Hannum,PC,62.944798331381094,years,pyaging,https://github.com/rsinghlab/pyaging,pip-0.3.1,python-3.13.14,pyaging-0.3.1,predict_age:pchannum,pyaging default (per-clock KNN/mean + gold-standard quantile norm)
7471147107_R05C02,Hannum,PC,68.48924509584826,years,pyaging,https://github.com/rsinghlab/pyaging,pip-0.3.1,python-3.13.14,pyaging-0.3.1,predict_age:pchannum,pyaging default (per-clock KNN/mean + gold-standard quantile norm)
7471147134_R02C01,Hannum,PC,48.88821859479191,years,pyaging,https://github.com/rsinghlab/pyaging,pip-0.3.1,python-3.13.14,pyaging-0.3.1,predict_age:pchannum,pyaging default (per-clock KNN/mean + gold-standard quantile norm)
7471147145_R06C01,Hannum,PC,59.95189608523737,years,pyaging,https://github.com/rsinghlab/pyaging,pip-0.3.1,python-3.13.14,pyaging-0.3.1,predict_age:pchannum,pyaging default (per-clock KNN/mean + gold-standard quantile norm)
7471147149_R06C01,Hannum,PC,54.889147476703464,years,pyaging,https://github.com/rsinghlab/pyaging,pip-0.3.1,python-3.13.14,pyaging-0.3.1,predict_age:pchannum,pyaging default (per-clock KNN/mean + gold-standard quantile norm)
7507875153_R03C02,Hannum,PC,66.68525940828532,years,pyaging,https://github.com/rsinghlab/pyaging,pip-0.3.1,python-3.13.14,pyaging-0.3.1,predict_age:pchannum,pyaging default (per-clock KNN/mean + gold-standard quantile norm)
7507875154_R05C01,Hannum,PC,55.640072662945975,years,pyaging,https://github.com/rsinghlab/pyaging,pip-0.3.1,python-3.13.14,pyaging-0.3.1,predict_age:pchannum,pyaging default (per-clock KNN/mean + gold-standard quantile norm)
7512560087_R03C01,Hannum,PC,65.54863657808782,years,pyaging,https://github.com/rsinghlab/pyaging,pip-0.3.1,python-3.13.14,pyaging-0.3.1,predict_age:pchannum,pyaging default (per-clock KNN/mean + gold-standard quantile norm)
7786915023_R02C02,Hannum,PC,63.12331521154296,years,pyaging,https://github.com/rsinghlab/pyaging,pip-0.3.1,python-3.13.14,pyaging-0.3.1,predict_age:pchannum,pyaging default (per-clock KNN/mean + gold-standard quantile norm)
7786915052_R01C01,Hannum,PC,63.169319727379886,years,pyaging,https://github.com/rsinghlab/pyaging,pip-0.3.1,python-3.13.14,pyaging-0.3.1,predict_age:pchannum,pyaging default (per-clock KNN/mean + gold-standard quantile norm)
7786915105_R02C01,Hannum,PC,65.16415950132902,years,pyaging,https://github.com/rsinghlab/pyaging,pip-0.3.1,python-3.13.14,pyaging-0.3.1,predict_age:pchannum,pyaging default (per-clock KNN/mean + gold-standard quantile norm)
7786915135_R04C02,Hannum,PC,55.603929630189896,years,pyaging,https://github.com/rsinghlab/pyaging,pip-0.3.1,python-3.13.14,pyaging-0.3.1,predict_age:pchannum,pyaging default (per-clock KNN/mean + gold-standard quantile norm)
7786915153_R05C01,Hannum,PC,72.74894007962006,years,pyaging,https://github.com/rsinghlab/pyaging,pip-0.3.1,python-3.13.14,pyaging-0.3.1,predict_age:pchannum,pyaging default (per-clock KNN/mean + gold-standard quantile norm)
7786923001_R06C01,Hannum,PC,60.66323403379588,years,pyaging,https://github.com/rsinghlab/pyaging,pip-0.3.1,python-3.13.14,pyaging-0.3.1,predict_age:pchannum,pyaging default (per-clock KNN/mean + gold-standard quantile norm)
7786923023_R02C01,Hannum,PC,68.01492332924153,years,pyaging,https://github.com/rsinghlab/pyaging,pip-0.3.1,python-3.13.14,pyaging-0.3.1,predict_age:pchannum,pyaging default (per-clock KNN/mean + gold-standard quantile norm)
7786923028_R03C01,Hannum,PC,59.962591566105445,years,pyaging,https://github.com/rsinghlab/pyaging,pip-0.3.1,python-3.13.14,pyaging-0.3.1,predict_age:pchannum,pyaging default (per-clock KNN/mean + gold-standard quantile norm)
7786923028_R05C02,Hannum,PC,58.86015657416263,years,pyaging,https://github.com/rsinghlab/pyaging,pip-0.3.1,python-3.13.14,pyaging-0.3.1,predict_age:pchannum,pyaging default (per-clock KNN/mean + gold-standard quantile norm)
7786923038_R03C02,Hannum,PC,56.02091599161656,years,pyaging,https://github.com/rsinghlab/pyaging,pip-0.3.1,python-3.13.14,pyaging-0.3.1,predict_age:pchannum,pyaging default (per-clock KNN/mean + gold-standard quantile norm)
7786923050_R03C01,Hannum,PC,51.879371394486434,years,pyaging,https://github.com/rsinghlab/pyaging,pip-0.3.1,python-3.13.14,pyaging-0.3.1,predict_age:pchannum,pyaging default (per-clock KNN/mean + gold-standard quantile norm)
7786923066_R01C01,Hannum,PC,47.19779653611279,years,pyaging,https://github.com/rsinghlab/pyaging,pip-0.3.1,python-3.13.14,pyaging-0.3.1,predict_age:pchannum,pyaging default (per-clock KNN/mean + gold-standard quantile norm)
7786923067_R06C01,Hannum,PC,69.83114923901924,years,pyaging,https://github.com/rsinghlab/pyaging,pip-0.3.1,python-3.13.14,pyaging-0.3.1,predict_age:pchannum,pyaging default (per-clock KNN/mean + gold-standard quantile norm)
7796814020_R04C02,Hannum,PC,82.11112731911696,years,pyaging,https://github.com/rsinghlab/pyaging,pip-0.3.1,python-3.13.14,pyaging-0.3.1,predict_age:pchannum,pyaging default (per-clock KNN/mean + gold-standard quantile norm)
7512560138_R04C01,Hannum,PC,47.91996694651227,years,pyaging,https://github.com/rsinghlab/pyaging,pip-0.3.1,python-3.13.14,pyaging-0.3.1,predict_age:pchannum,pyaging default (per-clock KNN/mean + gold-standard quantile norm)
7512560138_R05C01,Hannum,PC,62.077879784900574,years,pyaging,https://github.com/rsinghlab/pyaging,pip-0.3.1,python-3.13.14,pyaging-0.3.1,predict_age:pchannum,pyaging default (per-clock KNN/mean + gold-standard quantile norm)
7512560138_R06C01,Hannum,PC,69.87077349893922,years,pyaging,https://github.com/rsinghlab/pyaging,pip-0.3.1,python-3.13.14,pyaging-0.3.1,predict_age:pchannum,pyaging default (per-clock KNN/mean + gold-standard quantile norm)
7786915116_R06C02,Hannum,PC,56.15019549892964,years,pyaging,https://github.com/rsinghlab/pyaging,pip-0.3.1,python-3.13.14,pyaging-0.3.1,predict_age:pchannum,pyaging default (per-clock KNN/mean + gold-standard quantile norm)
7471147022_R02C02,Hannum,PC,60.59882853102319,years,pyaging,https://github.com/rsinghlab/pyaging,pip-0.3.1,python-3.13.14,pyaging-0.3.1,predict_age:pchannum,pyaging default (per-clock KNN/mean + gold-standard quantile norm)
7786915075_R05C01,Hannum,PC,74.65062135006791,years,pyaging,https://github.com/rsinghlab/pyaging,pip-0.3.1,python-3.13.14,pyaging-0.3.1,predict_age:pchannum,pyaging default (per-clock KNN/mean + gold-standard quantile norm)
7512551008_R01C01,Hannum,PC,55.15471259642028,years,pyaging,https://github.com/rsinghlab/pyaging,pip-0.3.1,python-3.13.14,pyaging-0.3.1,predict_age:pchannum,pyaging default (per-clock KNN/mean + gold-standard quantile norm)
7512551008_R01C02,Hannum,PC,63.14068355512015,years,pyaging,https://github.com/rsinghlab/pyaging,pip-0.3.1,python-3.13.14,pyaging-0.3.1,predict_age:pchannum,pyaging default (per-clock KNN/mean + gold-standard quantile norm)
7512551008_R02C01,Hannum,PC,83.23778411084126,years,pyaging,https://github.com/rsinghlab/pyaging,pip-0.3.1,python-3.13.14,pyaging-0.3.1,predict_age:pchannum,pyaging default (per-clock KNN/mean + gold-standard quantile norm)
7512551008_R02C02,Hannum,PC,65.95500100203678,years,pyaging,https://github.com/rsinghlab/pyaging,pip-0.3.1,python-3.13.14,pyaging-0.3.1,predict_age:pchannum,pyaging default (per-clock KNN/mean + gold-standard quantile norm)
7512551008_R03C01,Hannum,PC,68.62016810197215,years,pyaging,https://github.com/rsinghlab/pyaging,pip-0.3.1,python-3.13.14,pyaging-0.3.1,predict_age:pchannum,pyaging default (per-clock KNN/mean + gold-standard quantile norm)
7512551008_R03C02,Hannum,PC,62.52264585042163,years,pyaging,https://github.com/rsinghlab/pyaging,pip-0.3.1,python-3.13.14,pyaging-0.3.1,predict_age:pchannum,pyaging default (per-clock KNN/mean + gold-standard quantile norm)
7512551008_R04C01,Hannum,PC,58.561572007507955,years,pyaging,https://github.com/rsinghlab/pyaging,pip-0.3.1,python-3.13.14,pyaging-0.3.1,predict_age:pchannum,pyaging default (per-clock KNN/mean + gold-standard quantile norm)
7512551008_R04C02,Hannum,PC,71.79537080745662,years,pyaging,https://github.com/rsinghlab/pyaging,pip-0.3.1,python-3.13.14,pyaging-0.3.1,predict_age:pchannum,pyaging default (per-clock KNN/mean + gold-standard quantile norm)
7512551008_R05C01,Hannum,PC,69.55321258804315,years,pyaging,https://github.com/rsinghlab/pyaging,pip-0.3.1,python-3.13.14,pyaging-0.3.1,predict_age:pchannum,pyaging default (per-clock KNN/mean + gold-standard quantile norm)
7512551008_R06C02,Hannum,PC,60.0991892647282,years,pyaging,https://github.com/rsinghlab/pyaging,pip-0.3.1,python-3.13.14,pyaging-0.3.1,predict_age:pchannum,pyaging default (per-clock KNN/mean + gold-standard quantile norm)
7512578059_R04C02,Hannum,PC,55.94590039177983,years,pyaging,https://github.com/rsinghlab/pyaging,pip-0.3.1,python-3.13.14,pyaging-0.3.1,predict_age:pchannum,pyaging default (per-clock KNN/mean + gold-standard quantile norm)
7512578059_R06C02,Hannum,PC,47.579926163831345,years,pyaging,https://github.com/rsinghlab/pyaging,pip-0.3.1,python-3.13.14,pyaging-0.3.1,predict_age:pchannum,pyaging default (per-clock KNN/mean + gold-standard quantile norm)
7786915157_R01C01,Hannum,PC,65.15902045393085,years,pyaging,https://github.com/rsinghlab/pyaging,pip-0.3.1,python-3.13.14,pyaging-0.3.1,predict_age:pchannum,pyaging default (per-clock KNN/mean + gold-standard quantile norm)
7786915157_R02C01,Hannum,PC,72.07113784898407,years,pyaging,https://github.com/rsinghlab/pyaging,pip-0.3.1,python-3.13.14,pyaging-0.3.1,predict_age:pchannum,pyaging default (per-clock KNN/mean + gold-standard quantile norm)
7786915157_R02C02,Hannum,PC,64.02587151756765,years,pyaging,https://github.com/rsinghlab/pyaging,pip-0.3.1,python-3.13.14,pyaging-0.3.1,predict_age:pchannum,pyaging default (per-clock KNN/mean + gold-standard quantile norm)
7786915157_R03C02,Hannum,PC,51.888098744381466,years,pyaging,https://github.com/rsinghlab/pyaging,pip-0.3.1,python-3.13.14,pyaging-0.3.1,predict_age:pchannum,pyaging default (per-clock KNN/mean + gold-standard quantile norm)
7471147067_R02C02,Hannum,PC,57.61833713011398,years,pyaging,https://github.com/rsinghlab/pyaging,pip-0.3.1,python-3.13.14,pyaging-0.3.1,predict_age:pchannum,pyaging default (per-clock KNN/mean + gold-standard quantile norm)
7786915157_R05C01,Hannum,PC,70.1732741462291,years,pyaging,https://github.com/rsinghlab/pyaging,pip-0.3.1,python-3.13.14,pyaging-0.3.1,predict_age:pchannum,pyaging default (per-clock KNN/mean + gold-standard quantile norm)
7786915157_R05C02,Hannum,PC,55.86131085914256,years,pyaging,https://github.com/rsinghlab/pyaging,pip-0.3.1,python-3.13.14,pyaging-0.3.1,predict_age:pchannum,pyaging default (per-clock KNN/mean + gold-standard quantile norm)
7786915157_R06C02,Hannum,PC,58.83425138033826,years,pyaging,https://github.com/rsinghlab/pyaging,pip-0.3.1,python-3.13.14,pyaging-0.3.1,predict_age:pchannum,pyaging default (per-clock KNN/mean + gold-standard quantile norm)
7512560138_R03C01,Hannum,PC,55.512036772850365,years,pyaging,https://github.com/rsinghlab/pyaging,pip-0.3.1,python-3.13.14,pyaging-0.3.1,predict_age:pchannum,pyaging default (per-clock KNN/mean + gold-standard quantile norm)
7786915048_R04C01,Hannum,PC,69.71075911010605,years,pyaging,https://github.com/rsinghlab/pyaging,pip-0.3.1,python-3.13.14,pyaging-0.3.1,predict_age:pchannum,pyaging default (per-clock KNN/mean + gold-standard quantile norm)
7786923077_R04C01,Hannum,PC,70.78465702850282,years,pyaging,https://github.com/rsinghlab/pyaging,pip-0.3.1,python-3.13.14,pyaging-0.3.1,predict_age:pchannum,pyaging default (per-clock KNN/mean + gold-standard quantile norm)
7512560138_R01C01,Hannum,PC,74.80570917813834,years,pyaging,https://github.com/rsinghlab/pyaging,pip-0.3.1,python-3.13.14,pyaging-0.3.1,predict_age:pchannum,pyaging default (per-clock KNN/mean + gold-standard quantile norm)
7512560138_R02C01,Hannum,PC,60.87553919908982,years,pyaging,https://github.com/rsinghlab/pyaging,pip-0.3.1,python-3.13.14,pyaging-0.3.1,predict_age:pchannum,pyaging default (per-clock KNN/mean + gold-standard quantile norm)
7786923035_R01C01,Hannum,PC,58.317447849869595,years,pyaging,https://github.com/rsinghlab/pyaging,pip-0.3.1,python-3.13.14,pyaging-0.3.1,predict_age:pchannum,pyaging default (per-clock KNN/mean + gold-standard quantile norm)
7512578059_R01C02,Hannum,PC,55.300847596785076,years,pyaging,https://github.com/rsinghlab/pyaging,pip-0.3.1,python-3.13.14,pyaging-0.3.1,predict_age:pchannum,pyaging default (per-clock KNN/mean + gold-standard quantile norm)
7512578059_R02C02,Hannum,PC,55.93917813533119,years,pyaging,https://github.com/rsinghlab/pyaging,pip-0.3.1,python-3.13.14,pyaging-0.3.1,predict_age:pchannum,pyaging default (per-clock KNN/mean + gold-standard quantile norm)
7512578059_R03C02,Hannum,PC,58.75982382250734,years,pyaging,https://github.com/rsinghlab/pyaging,pip-0.3.1,python-3.13.14,pyaging-0.3.1,predict_age:pchannum,pyaging default (per-clock KNN/mean + gold-standard quantile norm)
7512578059_R05C02,Hannum,PC,66.14416408830681,years,pyaging,https://github.com/rsinghlab/pyaging,pip-0.3.1,python-3.13.14,pyaging-0.3.1,predict_age:pchannum,pyaging default (per-clock KNN/mean + gold-standard quantile norm)
7786915157_R01C02,Hannum,PC,60.01647526847499,years,pyaging,https://github.com/rsinghlab/pyaging,pip-0.3.1,python-3.13.14,pyaging-0.3.1,predict_age:pchannum,pyaging default (per-clock KNN/mean + gold-standard quantile norm)
7786915047_R02C02,Hannum,PC,62.49669754056832,years,pyaging,https://github.com/rsinghlab/pyaging,pip-0.3.1,python-3.13.14,pyaging-0.3.1,predict_age:pchannum,pyaging default (per-clock KNN/mean + gold-standard quantile norm)
7786915157_R03C01,Hannum,PC,62.54246080237144,years,pyaging,https://github.com/rsinghlab/pyaging,pip-0.3.1,python-3.13.14,pyaging-0.3.1,predict_age:pchannum,pyaging default (per-clock KNN/mean + gold-standard quantile norm)
7786915157_R04C01,Hannum,PC,52.2725495926025,years,pyaging,https://github.com/rsinghlab/pyaging,pip-0.3.1,python-3.13.14,pyaging-0.3.1,predict_age:pchannum,pyaging default (per-clock KNN/mean + gold-standard quantile norm)
7786915157_R04C02,Hannum,PC,60.63765039479747,years,pyaging,https://github.com/rsinghlab/pyaging,pip-0.3.1,python-3.13.14,pyaging-0.3.1,predict_age:pchannum,pyaging default (per-clock KNN/mean + gold-standard quantile norm)
7786915157_R06C01,Hannum,PC,67.62566075811068,years,pyaging,https://github.com/rsinghlab/pyaging,pip-0.3.1,python-3.13.14,pyaging-0.3.1,predict_age:pchannum,pyaging default (per-clock KNN/mean + gold-standard quantile norm)
7471147081_R06C01,Hannum,PC,57.952915637263835,years,pyaging,https://github.com/rsinghlab/pyaging,pip-0.3.1,python-3.13.14,pyaging-0.3.1,predict_age:pchannum,pyaging default (per-clock KNN/mean + gold-standard quantile norm)
7786915035_R05C01,Hannum,PC,55.47643590680185,years,pyaging,https://github.com/rsinghlab/pyaging,pip-0.3.1,python-3.13.14,pyaging-0.3.1,predict_age:pchannum,pyaging default (per-clock KNN/mean + gold-standard quantile norm)
7512551008_R06C01,Hannum,PC,58.52017936483131,years,pyaging,https://github.com/rsinghlab/pyaging,pip-0.3.1,python-3.13.14,pyaging-0.3.1,predict_age:pchannum,pyaging default (per-clock KNN/mean + gold-standard quantile norm)
7786915069_R03C01,Hannum,PC,69.60607957448897,years,pyaging,https://github.com/rsinghlab/pyaging,pip-0.3.1,python-3.13.14,pyaging-0.3.1,predict_age:pchannum,pyaging default (per-clock KNN/mean + gold-standard quantile norm)
7512551008_R05C02,Hannum,PC,60.98784222176743,years,pyaging,https://github.com/rsinghlab/pyaging,pip-0.3.1,python-3.13.14,pyaging-0.3.1,predict_age:pchannum,pyaging default (per-clock KNN/mean + gold-standard quantile norm)
7471147034_R03C01,PhenoAge,original,46.56256197098513,years,pyaging,https://github.com/rsinghlab/pyaging,pip-0.3.1,python-3.13.14,pyaging-0.3.1,predict_age:dnamphenoage,pyaging default (per-clock KNN/mean + gold-standard quantile norm)
7471147069_R02C02,PhenoAge,original,30.103127956903858,years,pyaging,https://github.com/rsinghlab/pyaging,pip-0.3.1,python-3.13.14,pyaging-0.3.1,predict_age:dnamphenoage,pyaging default (per-clock KNN/mean + gold-standard quantile norm)
7471147072_R01C02,PhenoAge,original,46.29092909562709,years,pyaging,https://github.com/rsinghlab/pyaging,pip-0.3.1,python-3.13.14,pyaging-0.3.1,predict_age:dnamphenoage,pyaging default (per-clock KNN/mean + gold-standard quantile norm)
7471147089_R06C01,PhenoAge,original,47.09888245982266,years,pyaging,https://github.com/rsinghlab/pyaging,pip-0.3.1,python-3.13.14,pyaging-0.3.1,predict_age:dnamphenoage,pyaging default (per-clock KNN/mean + gold-standard quantile norm)
7471147107_R05C02,PhenoAge,original,58.3522339025034,years,pyaging,https://github.com/rsinghlab/pyaging,pip-0.3.1,python-3.13.14,pyaging-0.3.1,predict_age:dnamphenoage,pyaging default (per-clock KNN/mean + gold-standard quantile norm)
7471147134_R02C01,PhenoAge,original,28.215101832232406,years,pyaging,https://github.com/rsinghlab/pyaging,pip-0.3.1,python-3.13.14,pyaging-0.3.1,predict_age:dnamphenoage,pyaging default (per-clock KNN/mean + gold-standard quantile norm)
7471147145_R06C01,PhenoAge,original,45.87339395008846,years,pyaging,https://github.com/rsinghlab/pyaging,pip-0.3.1,python-3.13.14,pyaging-0.3.1,predict_age:dnamphenoage,pyaging default (per-clock KNN/mean + gold-standard quantile norm)
7471147149_R06C01,PhenoAge,original,43.5446015097095,years,pyaging,https://github.com/rsinghlab/pyaging,pip-0.3.1,python-3.13.14,pyaging-0.3.1,predict_age:dnamphenoage,pyaging default (per-clock KNN/mean + gold-standard quantile norm)
7507875153_R03C02,PhenoAge,original,53.74853331871936,years,pyaging,https://github.com/rsinghlab/pyaging,pip-0.3.1,python-3.13.14,pyaging-0.3.1,predict_age:dnamphenoage,pyaging default (per-clock KNN/mean + gold-standard quantile norm)
7507875154_R05C01,PhenoAge,original,44.46190786350613,years,pyaging,https://github.com/rsinghlab/pyaging,pip-0.3.1,python-3.13.14,pyaging-0.3.1,predict_age:dnamphenoage,pyaging default (per-clock KNN/mean + gold-standard quantile norm)
7512560087_R03C01,PhenoAge,original,56.4305521249066,years,pyaging,https://github.com/rsinghlab/pyaging,pip-0.3.1,python-3.13.14,pyaging-0.3.1,predict_age:dnamphenoage,pyaging default (per-clock KNN/mean + gold-standard quantile norm)
7786915023_R02C02,PhenoAge,original,52.29315043524453,years,pyaging,https://github.com/rsinghlab/pyaging,pip-0.3.1,python-3.13.14,pyaging-0.3.1,predict_age:dnamphenoage,pyaging default (per-clock KNN/mean + gold-standard quantile norm)
7786915052_R01C01,PhenoAge,original,47.68702497900241,years,pyaging,https://github.com/rsinghlab/pyaging,pip-0.3.1,python-3.13.14,pyaging-0.3.1,predict_age:dnamphenoage,pyaging default (per-clock KNN/mean + gold-standard quantile norm)
7786915105_R02C01,PhenoAge,original,49.81511536386335,years,pyaging,https://github.com/rsinghlab/pyaging,pip-0.3.1,python-3.13.14,pyaging-0.3.1,predict_age:dnamphenoage,pyaging default (per-clock KNN/mean + gold-standard quantile norm)
7786915135_R04C02,PhenoAge,original,41.0586782214836,years,pyaging,https://github.com/rsinghlab/pyaging,pip-0.3.1,python-3.13.14,pyaging-0.3.1,predict_age:dnamphenoage,pyaging default (per-clock KNN/mean + gold-standard quantile norm)
7786915153_R05C01,PhenoAge,original,60.90536127414408,years,pyaging,https://github.com/rsinghlab/pyaging,pip-0.3.1,python-3.13.14,pyaging-0.3.1,predict_age:dnamphenoage,pyaging default (per-clock KNN/mean + gold-standard quantile norm)
7786923001_R06C01,PhenoAge,original,42.21779716105142,years,pyaging,https://github.com/rsinghlab/pyaging,pip-0.3.1,python-3.13.14,pyaging-0.3.1,predict_age:dnamphenoage,pyaging default (per-clock KNN/mean + gold-standard quantile norm)
7786923023_R02C01,PhenoAge,original,50.76965290906975,years,pyaging,https://github.com/rsinghlab/pyaging,pip-0.3.1,python-3.13.14,pyaging-0.3.1,predict_age:dnamphenoage,pyaging default (per-clock KNN/mean + gold-standard quantile norm)
7786923028_R03C01,PhenoAge,original,47.75062977975732,years,pyaging,https://github.com/rsinghlab/pyaging,pip-0.3.1,python-3.13.14,pyaging-0.3.1,predict_age:dnamphenoage,pyaging default (per-clock KNN/mean + gold-standard quantile norm)
7786923028_R05C02,PhenoAge,original,47.71351951439815,years,pyaging,https://github.com/rsinghlab/pyaging,pip-0.3.1,python-3.13.14,pyaging-0.3.1,predict_age:dnamphenoage,pyaging default (per-clock KNN/mean + gold-standard quantile norm)
7786923038_R03C02,PhenoAge,original,44.265066110837836,years,pyaging,https://github.com/rsinghlab/pyaging,pip-0.3.1,python-3.13.14,pyaging-0.3.1,predict_age:dnamphenoage,pyaging default (per-clock KNN/mean + gold-standard quantile norm)
7786923050_R03C01,PhenoAge,original,34.419938162213995,years,pyaging,https://github.com/rsinghlab/pyaging,pip-0.3.1,python-3.13.14,pyaging-0.3.1,predict_age:dnamphenoage,pyaging default (per-clock KNN/mean + gold-standard quantile norm)
7786923066_R01C01,PhenoAge,original,29.169060835919275,years,pyaging,https://github.com/rsinghlab/pyaging,pip-0.3.1,python-3.13.14,pyaging-0.3.1,predict_age:dnamphenoage,pyaging default (per-clock KNN/mean + gold-standard quantile norm)
7786923067_R06C01,PhenoAge,original,56.70809999270291,years,pyaging,https://github.com/rsinghlab/pyaging,pip-0.3.1,python-3.13.14,pyaging-0.3.1,predict_age:dnamphenoage,pyaging default (per-clock KNN/mean + gold-standard quantile norm)
7796814020_R04C02,PhenoAge,original,69.96363432446638,years,pyaging,https://github.com/rsinghlab/pyaging,pip-0.3.1,python-3.13.14,pyaging-0.3.1,predict_age:dnamphenoage,pyaging default (per-clock KNN/mean + gold-standard quantile norm)
7512560138_R04C01,PhenoAge,original,30.452196792494796,years,pyaging,https://github.com/rsinghlab/pyaging,pip-0.3.1,python-3.13.14,pyaging-0.3.1,predict_age:dnamphenoage,pyaging default (per-clock KNN/mean + gold-standard quantile norm)
7512560138_R05C01,PhenoAge,original,55.68052696900425,years,pyaging,https://github.com/rsinghlab/pyaging,pip-0.3.1,python-3.13.14,pyaging-0.3.1,predict_age:dnamphenoage,pyaging default (per-clock KNN/mean + gold-standard quantile norm)
7512560138_R06C01,PhenoAge,original,59.207785562557,years,pyaging,https://github.com/rsinghlab/pyaging,pip-0.3.1,python-3.13.14,pyaging-0.3.1,predict_age:dnamphenoage,pyaging default (per-clock KNN/mean + gold-standard quantile norm)
7786915116_R06C02,PhenoAge,original,41.001063747310816,years,pyaging,https://github.com/rsinghlab/pyaging,pip-0.3.1,python-3.13.14,pyaging-0.3.1,predict_age:dnamphenoage,pyaging default (per-clock KNN/mean + gold-standard quantile norm)
7471147022_R02C02,PhenoAge,original,43.880484284962236,years,pyaging,https://github.com/rsinghlab/pyaging,pip-0.3.1,python-3.13.14,pyaging-0.3.1,predict_age:dnamphenoage,pyaging default (per-clock KNN/mean + gold-standard quantile norm)
7786915075_R05C01,PhenoAge,original,49.917923230375635,years,pyaging,https://github.com/rsinghlab/pyaging,pip-0.3.1,python-3.13.14,pyaging-0.3.1,predict_age:dnamphenoage,pyaging default (per-clock KNN/mean + gold-standard quantile norm)
7512551008_R01C01,PhenoAge,original,41.18839459344864,years,pyaging,https://github.com/rsinghlab/pyaging,pip-0.3.1,python-3.13.14,pyaging-0.3.1,predict_age:dnamphenoage,pyaging default (per-clock KNN/mean + gold-standard quantile norm)
7512551008_R01C02,PhenoAge,original,56.8352321853092,years,pyaging,https://github.com/rsinghlab/pyaging,pip-0.3.1,python-3.13.14,pyaging-0.3.1,predict_age:dnamphenoage,pyaging default (per-clock KNN/mean + gold-standard quantile norm)
7512551008_R02C01,PhenoAge,original,66.26891006284939,years,pyaging,https://github.com/rsinghlab/pyaging,pip-0.3.1,python-3.13.14,pyaging-0.3.1,predict_age:dnamphenoage,pyaging default (per-clock KNN/mean + gold-standard quantile norm)
7512551008_R02C02,PhenoAge,original,52.403106900025,years,pyaging,https://github.com/rsinghlab/pyaging,pip-0.3.1,python-3.13.14,pyaging-0.3.1,predict_age:dnamphenoage,pyaging default (per-clock KNN/mean + gold-standard quantile norm)
7512551008_R03C01,PhenoAge,original,53.85406354200785,years,pyaging,https://github.com/rsinghlab/pyaging,pip-0.3.1,python-3.13.14,pyaging-0.3.1,predict_age:dnamphenoage,pyaging default (per-clock KNN/mean + gold-standard quantile norm)
7512551008_R03C02,PhenoAge,original,46.14750670684221,years,pyaging,https://github.com/rsinghlab/pyaging,pip-0.3.1,python-3.13.14,pyaging-0.3.1,predict_age:dnamphenoage,pyaging default (per-clock KNN/mean + gold-standard quantile norm)
7512551008_R04C01,PhenoAge,original,44.0528980624299,years,pyaging,https://github.com/rsinghlab/pyaging,pip-0.3.1,python-3.13.14,pyaging-0.3.1,predict_age:dnamphenoage,pyaging default (per-clock KNN/mean + gold-standard quantile norm)
7512551008_R04C02,PhenoAge,original,68.24009170464144,years,pyaging,https://github.com/rsinghlab/pyaging,pip-0.3.1,python-3.13.14,pyaging-0.3.1,predict_age:dnamphenoage,pyaging default (per-clock KNN/mean + gold-standard quantile norm)
7512551008_R05C01,PhenoAge,original,62.78363891811179,years,pyaging,https://github.com/rsinghlab/pyaging,pip-0.3.1,python-3.13.14,pyaging-0.3.1,predict_age:dnamphenoage,pyaging default (per-clock KNN/mean + gold-standard quantile norm)
7512551008_R06C02,PhenoAge,original,48.83305006935413,years,pyaging,https://github.com/rsinghlab/pyaging,pip-0.3.1,python-3.13.14,pyaging-0.3.1,predict_age:dnamphenoage,pyaging default (per-clock KNN/mean + gold-standard quantile norm)
7512578059_R04C02,PhenoAge,original,43.35276610716081,years,pyaging,https://github.com/rsinghlab/pyaging,pip-0.3.1,python-3.13.14,pyaging-0.3.1,predict_age:dnamphenoage,pyaging default (per-clock KNN/mean + gold-standard quantile norm)
7512578059_R06C02,PhenoAge,original,36.353273573113796,years,pyaging,https://github.com/rsinghlab/pyaging,pip-0.3.1,python-3.13.14,pyaging-0.3.1,predict_age:dnamphenoage,pyaging default (per-clock KNN/mean + gold-standard quantile norm)
7786915157_R01C01,PhenoAge,original,61.67605327794053,years,pyaging,https://github.com/rsinghlab/pyaging,pip-0.3.1,python-3.13.14,pyaging-0.3.1,predict_age:dnamphenoage,pyaging default (per-clock KNN/mean + gold-standard quantile norm)
7786915157_R02C01,PhenoAge,original,55.78559501251741,years,pyaging,https://github.com/rsinghlab/pyaging,pip-0.3.1,python-3.13.14,pyaging-0.3.1,predict_age:dnamphenoage,pyaging default (per-clock KNN/mean + gold-standard quantile norm)
7786915157_R02C02,PhenoAge,original,46.48659350398958,years,pyaging,https://github.com/rsinghlab/pyaging,pip-0.3.1,python-3.13.14,pyaging-0.3.1,predict_age:dnamphenoage,pyaging default (per-clock KNN/mean + gold-standard quantile norm)
7786915157_R03C02,PhenoAge,original,33.132611541018974,years,pyaging,https://github.com/rsinghlab/pyaging,pip-0.3.1,python-3.13.14,pyaging-0.3.1,predict_age:dnamphenoage,pyaging default (per-clock KNN/mean + gold-standard quantile norm)
7471147067_R02C02,PhenoAge,original,43.28157827611969,years,pyaging,https://github.com/rsinghlab/pyaging,pip-0.3.1,python-3.13.14,pyaging-0.3.1,predict_age:dnamphenoage,pyaging default (per-clock KNN/mean + gold-standard quantile norm)
7786915157_R05C01,PhenoAge,original,60.48450356424885,years,pyaging,https://github.com/rsinghlab/pyaging,pip-0.3.1,python-3.13.14,pyaging-0.3.1,predict_age:dnamphenoage,pyaging default (per-clock KNN/mean + gold-standard quantile norm)
7786915157_R05C02,PhenoAge,original,38.54978632986447,years,pyaging,https://github.com/rsinghlab/pyaging,pip-0.3.1,python-3.13.14,pyaging-0.3.1,predict_age:dnamphenoage,pyaging default (per-clock KNN/mean + gold-standard quantile norm)
7786915157_R06C02,PhenoAge,original,48.82010162839593,years,pyaging,https://github.com/rsinghlab/pyaging,pip-0.3.1,python-3.13.14,pyaging-0.3.1,predict_age:dnamphenoage,pyaging default (per-clock KNN/mean + gold-standard quantile norm)
7512560138_R03C01,PhenoAge,original,43.30851958223796,years,pyaging,https://github.com/rsinghlab/pyaging,pip-0.3.1,python-3.13.14,pyaging-0.3.1,predict_age:dnamphenoage,pyaging default (per-clock KNN/mean + gold-standard quantile norm)
7786915048_R04C01,PhenoAge,original,61.8584418475543,years,pyaging,https://github.com/rsinghlab/pyaging,pip-0.3.1,python-3.13.14,pyaging-0.3.1,predict_age:dnamphenoage,pyaging default (per-clock KNN/mean + gold-standard quantile norm)
7786923077_R04C01,PhenoAge,original,68.95561016942867,years,pyaging,https://github.com/rsinghlab/pyaging,pip-0.3.1,python-3.13.14,pyaging-0.3.1,predict_age:dnamphenoage,pyaging default (per-clock KNN/mean + gold-standard quantile norm)
7512560138_R01C01,PhenoAge,original,54.826256658042205,years,pyaging,https://github.com/rsinghlab/pyaging,pip-0.3.1,python-3.13.14,pyaging-0.3.1,predict_age:dnamphenoage,pyaging default (per-clock KNN/mean + gold-standard quantile norm)
7512560138_R02C01,PhenoAge,original,41.24113680795783,years,pyaging,https://github.com/rsinghlab/pyaging,pip-0.3.1,python-3.13.14,pyaging-0.3.1,predict_age:dnamphenoage,pyaging default (per-clock KNN/mean + gold-standard quantile norm)
7786923035_R01C01,PhenoAge,original,39.49509651562043,years,pyaging,https://github.com/rsinghlab/pyaging,pip-0.3.1,python-3.13.14,pyaging-0.3.1,predict_age:dnamphenoage,pyaging default (per-clock KNN/mean + gold-standard quantile norm)
7512578059_R01C02,PhenoAge,original,41.98216134947805,years,pyaging,https://github.com/rsinghlab/pyaging,pip-0.3.1,python-3.13.14,pyaging-0.3.1,predict_age:dnamphenoage,pyaging default (per-clock KNN/mean + gold-standard quantile norm)
7512578059_R02C02,PhenoAge,original,41.9631448193889,years,pyaging,https://github.com/rsinghlab/pyaging,pip-0.3.1,python-3.13.14,pyaging-0.3.1,predict_age:dnamphenoage,pyaging default (per-clock KNN/mean + gold-standard quantile norm)
7512578059_R03C02,PhenoAge,original,46.945817096875736,years,pyaging,https://github.com/rsinghlab/pyaging,pip-0.3.1,python-3.13.14,pyaging-0.3.1,predict_age:dnamphenoage,pyaging default (per-clock KNN/mean + gold-standard quantile norm)
7512578059_R05C02,PhenoAge,original,49.934208923916074,years,pyaging,https://github.com/rsinghlab/pyaging,pip-0.3.1,python-3.13.14,pyaging-0.3.1,predict_age:dnamphenoage,pyaging default (per-clock KNN/mean + gold-standard quantile norm)
7786915157_R01C02,PhenoAge,original,39.81488755792894,years,pyaging,https://github.com/rsinghlab/pyaging,pip-0.3.1,python-3.13.14,pyaging-0.3.1,predict_age:dnamphenoage,pyaging default (per-clock KNN/mean + gold-standard quantile norm)
7786915047_R02C02,PhenoAge,original,54.343468253424334,years,pyaging,https://github.com/rsinghlab/pyaging,pip-0.3.1,python-3.13.14,pyaging-0.3.1,predict_age:dnamphenoage,pyaging default (per-clock KNN/mean + gold-standard quantile norm)
7786915157_R03C01,PhenoAge,original,49.59623908346583,years,pyaging,https://github.com/rsinghlab/pyaging,pip-0.3.1,python-3.13.14,pyaging-0.3.1,predict_age:dnamphenoage,pyaging default (per-clock KNN/mean + gold-standard quantile norm)
7786915157_R04C01,PhenoAge,original,36.697882802208355,years,pyaging,https://github.com/rsinghlab/pyaging,pip-0.3.1,python-3.13.14,pyaging-0.3.1,predict_age:dnamphenoage,pyaging default (per-clock KNN/mean + gold-standard quantile norm)
7786915157_R04C02,PhenoAge,original,47.242869992287424,years,pyaging,https://github.com/rsinghlab/pyaging,pip-0.3.1,python-3.13.14,pyaging-0.3.1,predict_age:dnamphenoage,pyaging default (per-clock KNN/mean + gold-standard quantile norm)
7786915157_R06C01,PhenoAge,original,58.87283796822789,years,pyaging,https://github.com/rsinghlab/pyaging,pip-0.3.1,python-3.13.14,pyaging-0.3.1,predict_age:dnamphenoage,pyaging default (per-clock KNN/mean + gold-standard quantile norm)
7471147081_R06C01,PhenoAge,original,48.602759364276835,years,pyaging,https://github.com/rsinghlab/pyaging,pip-0.3.1,python-3.13.14,pyaging-0.3.1,predict_age:dnamphenoage,pyaging default (per-clock KNN/mean + gold-standard quantile norm)
7786915035_R05C01,PhenoAge,original,43.96697298578794,years,pyaging,https://github.com/rsinghlab/pyaging,pip-0.3.1,python-3.13.14,pyaging-0.3.1,predict_age:dnamphenoage,pyaging default (per-clock KNN/mean + gold-standard quantile norm)
7512551008_R06C01,PhenoAge,original,48.99627524814879,years,pyaging,https://github.com/rsinghlab/pyaging,pip-0.3.1,python-3.13.14,pyaging-0.3.1,predict_age:dnamphenoage,pyaging default (per-clock KNN/mean + gold-standard quantile norm)
7786915069_R03C01,PhenoAge,original,63.58902601699079,years,pyaging,https://github.com/rsinghlab/pyaging,pip-0.3.1,python-3.13.14,pyaging-0.3.1,predict_age:dnamphenoage,pyaging default (per-clock KNN/mean + gold-standard quantile norm)
7512551008_R05C02,PhenoAge,original,41.34435160469057,years,pyaging,https://github.com/rsinghlab/pyaging,pip-0.3.1,python-3.13.14,pyaging-0.3.1,predict_age:dnamphenoage,pyaging default (per-clock KNN/mean + gold-standard quantile norm)
7471147034_R03C01,PhenoAge,PC,49.97462578019368,years,pyaging,https://github.com/rsinghlab/pyaging,pip-0.3.1,python-3.13.14,pyaging-0.3.1,predict_age:pcphenoage,pyaging default (per-clock KNN/mean + gold-standard quantile norm)
7471147069_R02C02,PhenoAge,PC,38.424348998410835,years,pyaging,https://github.com/rsinghlab/pyaging,pip-0.3.1,python-3.13.14,pyaging-0.3.1,predict_age:pcphenoage,pyaging default (per-clock KNN/mean + gold-standard quantile norm)
7471147072_R01C02,PhenoAge,PC,57.46511957197353,years,pyaging,https://github.com/rsinghlab/pyaging,pip-0.3.1,python-3.13.14,pyaging-0.3.1,predict_age:pcphenoage,pyaging default (per-clock KNN/mean + gold-standard quantile norm)
7471147089_R06C01,PhenoAge,PC,55.232399290278835,years,pyaging,https://github.com/rsinghlab/pyaging,pip-0.3.1,python-3.13.14,pyaging-0.3.1,predict_age:pcphenoage,pyaging default (per-clock KNN/mean + gold-standard quantile norm)
7471147107_R05C02,PhenoAge,PC,59.436157506463175,years,pyaging,https://github.com/rsinghlab/pyaging,pip-0.3.1,python-3.13.14,pyaging-0.3.1,predict_age:pcphenoage,pyaging default (per-clock KNN/mean + gold-standard quantile norm)
7471147134_R02C01,PhenoAge,PC,37.73566274651563,years,pyaging,https://github.com/rsinghlab/pyaging,pip-0.3.1,python-3.13.14,pyaging-0.3.1,predict_age:pcphenoage,pyaging default (per-clock KNN/mean + gold-standard quantile norm)
7471147145_R06C01,PhenoAge,PC,46.63496388591989,years,pyaging,https://github.com/rsinghlab/pyaging,pip-0.3.1,python-3.13.14,pyaging-0.3.1,predict_age:pcphenoage,pyaging default (per-clock KNN/mean + gold-standard quantile norm)
7471147149_R06C01,PhenoAge,PC,44.068526320141245,years,pyaging,https://github.com/rsinghlab/pyaging,pip-0.3.1,python-3.13.14,pyaging-0.3.1,predict_age:pcphenoage,pyaging default (per-clock KNN/mean + gold-standard quantile norm)
7507875153_R03C02,PhenoAge,PC,55.55169152570309,years,pyaging,https://github.com/rsinghlab/pyaging,pip-0.3.1,python-3.13.14,pyaging-0.3.1,predict_age:pcphenoage,pyaging default (per-clock KNN/mean + gold-standard quantile norm)
7507875154_R05C01,PhenoAge,PC,46.16100363382985,years,pyaging,https://github.com/rsinghlab/pyaging,pip-0.3.1,python-3.13.14,pyaging-0.3.1,predict_age:pcphenoage,pyaging default (per-clock KNN/mean + gold-standard quantile norm)
7512560087_R03C01,PhenoAge,PC,57.12315833116811,years,pyaging,https://github.com/rsinghlab/pyaging,pip-0.3.1,python-3.13.14,pyaging-0.3.1,predict_age:pcphenoage,pyaging default (per-clock KNN/mean + gold-standard quantile norm)
7786915023_R02C02,PhenoAge,PC,48.16467094116443,years,pyaging,https://github.com/rsinghlab/pyaging,pip-0.3.1,python-3.13.14,pyaging-0.3.1,predict_age:pcphenoage,pyaging default (per-clock KNN/mean + gold-standard quantile norm)
7786915052_R01C01,PhenoAge,PC,53.31895076298514,years,pyaging,https://github.com/rsinghlab/pyaging,pip-0.3.1,python-3.13.14,pyaging-0.3.1,predict_age:pcphenoage,pyaging default (per-clock KNN/mean + gold-standard quantile norm)
7786915105_R02C01,PhenoAge,PC,54.65578410406604,years,pyaging,https://github.com/rsinghlab/pyaging,pip-0.3.1,python-3.13.14,pyaging-0.3.1,predict_age:pcphenoage,pyaging default (per-clock KNN/mean + gold-standard quantile norm)
7786915135_R04C02,PhenoAge,PC,43.04054213195851,years,pyaging,https://github.com/rsinghlab/pyaging,pip-0.3.1,python-3.13.14,pyaging-0.3.1,predict_age:pcphenoage,pyaging default (per-clock KNN/mean + gold-standard quantile norm)
7786915153_R05C01,PhenoAge,PC,61.37434550985708,years,pyaging,https://github.com/rsinghlab/pyaging,pip-0.3.1,python-3.13.14,pyaging-0.3.1,predict_age:pcphenoage,pyaging default (per-clock KNN/mean + gold-standard quantile norm)
7786923001_R06C01,PhenoAge,PC,53.45378765410615,years,pyaging,https://github.com/rsinghlab/pyaging,pip-0.3.1,python-3.13.14,pyaging-0.3.1,predict_age:pcphenoage,pyaging default (per-clock KNN/mean + gold-standard quantile norm)
7786923023_R02C01,PhenoAge,PC,51.52158438773736,years,pyaging,https://github.com/rsinghlab/pyaging,pip-0.3.1,python-3.13.14,pyaging-0.3.1,predict_age:pcphenoage,pyaging default (per-clock KNN/mean + gold-standard quantile norm)
7786923028_R03C01,PhenoAge,PC,49.96875492278624,years,pyaging,https://github.com/rsinghlab/pyaging,pip-0.3.1,python-3.13.14,pyaging-0.3.1,predict_age:pcphenoage,pyaging default (per-clock KNN/mean + gold-standard quantile norm)
7786923028_R05C02,PhenoAge,PC,50.10045352211854,years,pyaging,https://github.com/rsinghlab/pyaging,pip-0.3.1,python-3.13.14,pyaging-0.3.1,predict_age:pcphenoage,pyaging default (per-clock KNN/mean + gold-standard quantile norm)
7786923038_R03C02,PhenoAge,PC,48.7129475806358,years,pyaging,https://github.com/rsinghlab/pyaging,pip-0.3.1,python-3.13.14,pyaging-0.3.1,predict_age:pcphenoage,pyaging default (per-clock KNN/mean + gold-standard quantile norm)
7786923050_R03C01,PhenoAge,PC,40.46944266624807,years,pyaging,https://github.com/rsinghlab/pyaging,pip-0.3.1,python-3.13.14,pyaging-0.3.1,predict_age:pcphenoage,pyaging default (per-clock KNN/mean + gold-standard quantile norm)
7786923066_R01C01,PhenoAge,PC,37.38541648584268,years,pyaging,https://github.com/rsinghlab/pyaging,pip-0.3.1,python-3.13.14,pyaging-0.3.1,predict_age:pcphenoage,pyaging default (per-clock KNN/mean + gold-standard quantile norm)
7786923067_R06C01,PhenoAge,PC,64.72890100888196,years,pyaging,https://github.com/rsinghlab/pyaging,pip-0.3.1,python-3.13.14,pyaging-0.3.1,predict_age:pcphenoage,pyaging default (per-clock KNN/mean + gold-standard quantile norm)
7796814020_R04C02,PhenoAge,PC,72.22664480246817,years,pyaging,https://github.com/rsinghlab/pyaging,pip-0.3.1,python-3.13.14,pyaging-0.3.1,predict_age:pcphenoage,pyaging default (per-clock KNN/mean + gold-standard quantile norm)
7512560138_R04C01,PhenoAge,PC,37.692312625877136,years,pyaging,https://github.com/rsinghlab/pyaging,pip-0.3.1,python-3.13.14,pyaging-0.3.1,predict_age:pcphenoage,pyaging default (per-clock KNN/mean + gold-standard quantile norm)
7512560138_R05C01,PhenoAge,PC,54.34151166338525,years,pyaging,https://github.com/rsinghlab/pyaging,pip-0.3.1,python-3.13.14,pyaging-0.3.1,predict_age:pcphenoage,pyaging default (per-clock KNN/mean + gold-standard quantile norm)
7512560138_R06C01,PhenoAge,PC,65.02567976568854,years,pyaging,https://github.com/rsinghlab/pyaging,pip-0.3.1,python-3.13.14,pyaging-0.3.1,predict_age:pcphenoage,pyaging default (per-clock KNN/mean + gold-standard quantile norm)
7786915116_R06C02,PhenoAge,PC,45.79525485135319,years,pyaging,https://github.com/rsinghlab/pyaging,pip-0.3.1,python-3.13.14,pyaging-0.3.1,predict_age:pcphenoage,pyaging default (per-clock KNN/mean + gold-standard quantile norm)
7471147022_R02C02,PhenoAge,PC,49.353027726277396,years,pyaging,https://github.com/rsinghlab/pyaging,pip-0.3.1,python-3.13.14,pyaging-0.3.1,predict_age:pcphenoage,pyaging default (per-clock KNN/mean + gold-standard quantile norm)
7786915075_R05C01,PhenoAge,PC,66.28532536689048,years,pyaging,https://github.com/rsinghlab/pyaging,pip-0.3.1,python-3.13.14,pyaging-0.3.1,predict_age:pcphenoage,pyaging default (per-clock KNN/mean + gold-standard quantile norm)
7512551008_R01C01,PhenoAge,PC,43.4443386102856,years,pyaging,https://github.com/rsinghlab/pyaging,pip-0.3.1,python-3.13.14,pyaging-0.3.1,predict_age:pcphenoage,pyaging default (per-clock KNN/mean + gold-standard quantile norm)
7512551008_R01C02,PhenoAge,PC,46.97864366794528,years,pyaging,https://github.com/rsinghlab/pyaging,pip-0.3.1,python-3.13.14,pyaging-0.3.1,predict_age:pcphenoage,pyaging default (per-clock KNN/mean + gold-standard quantile norm)
7512551008_R02C01,PhenoAge,PC,73.33257813968068,years,pyaging,https://github.com/rsinghlab/pyaging,pip-0.3.1,python-3.13.14,pyaging-0.3.1,predict_age:pcphenoage,pyaging default (per-clock KNN/mean + gold-standard quantile norm)
7512551008_R02C02,PhenoAge,PC,55.067752351484806,years,pyaging,https://github.com/rsinghlab/pyaging,pip-0.3.1,python-3.13.14,pyaging-0.3.1,predict_age:pcphenoage,pyaging default (per-clock KNN/mean + gold-standard quantile norm)
7512551008_R03C01,PhenoAge,PC,52.20410250962148,years,pyaging,https://github.com/rsinghlab/pyaging,pip-0.3.1,python-3.13.14,pyaging-0.3.1,predict_age:pcphenoage,pyaging default (per-clock KNN/mean + gold-standard quantile norm)
7512551008_R03C02,PhenoAge,PC,56.87579699297611,years,pyaging,https://github.com/rsinghlab/pyaging,pip-0.3.1,python-3.13.14,pyaging-0.3.1,predict_age:pcphenoage,pyaging default (per-clock KNN/mean + gold-standard quantile norm)
7512551008_R04C01,PhenoAge,PC,50.77241704777207,years,pyaging,https://github.com/rsinghlab/pyaging,pip-0.3.1,python-3.13.14,pyaging-0.3.1,predict_age:pcphenoage,pyaging default (per-clock KNN/mean + gold-standard quantile norm)
7512551008_R04C02,PhenoAge,PC,67.40038423063793,years,pyaging,https://github.com/rsinghlab/pyaging,pip-0.3.1,python-3.13.14,pyaging-0.3.1,predict_age:pcphenoage,pyaging default (per-clock KNN/mean + gold-standard quantile norm)
7512551008_R05C01,PhenoAge,PC,62.55080589379806,years,pyaging,https://github.com/rsinghlab/pyaging,pip-0.3.1,python-3.13.14,pyaging-0.3.1,predict_age:pcphenoage,pyaging default (per-clock KNN/mean + gold-standard quantile norm)
7512551008_R06C02,PhenoAge,PC,50.45329391682905,years,pyaging,https://github.com/rsinghlab/pyaging,pip-0.3.1,python-3.13.14,pyaging-0.3.1,predict_age:pcphenoage,pyaging default (per-clock KNN/mean + gold-standard quantile norm)
7512578059_R04C02,PhenoAge,PC,48.907765292150174,years,pyaging,https://github.com/rsinghlab/pyaging,pip-0.3.1,python-3.13.14,pyaging-0.3.1,predict_age:pcphenoage,pyaging default (per-clock KNN/mean + gold-standard quantile norm)
7512578059_R06C02,PhenoAge,PC,36.909657467098626,years,pyaging,https://github.com/rsinghlab/pyaging,pip-0.3.1,python-3.13.14,pyaging-0.3.1,predict_age:pcphenoage,pyaging default (per-clock KNN/mean + gold-standard quantile norm)
7786915157_R01C01,PhenoAge,PC,57.048997402146775,years,pyaging,https://github.com/rsinghlab/pyaging,pip-0.3.1,python-3.13.14,pyaging-0.3.1,predict_age:pcphenoage,pyaging default (per-clock KNN/mean + gold-standard quantile norm)
7786915157_R02C01,PhenoAge,PC,60.10162664047484,years,pyaging,https://github.com/rsinghlab/pyaging,pip-0.3.1,python-3.13.14,pyaging-0.3.1,predict_age:pcphenoage,pyaging default (per-clock KNN/mean + gold-standard quantile norm)
7786915157_R02C02,PhenoAge,PC,51.914132556870115,years,pyaging,https://github.com/rsinghlab/pyaging,pip-0.3.1,python-3.13.14,pyaging-0.3.1,predict_age:pcphenoage,pyaging default (per-clock KNN/mean + gold-standard quantile norm)
7786915157_R03C02,PhenoAge,PC,39.12663222680381,years,pyaging,https://github.com/rsinghlab/pyaging,pip-0.3.1,python-3.13.14,pyaging-0.3.1,predict_age:pcphenoage,pyaging default (per-clock KNN/mean + gold-standard quantile norm)
7471147067_R02C02,PhenoAge,PC,49.87905116750926,years,pyaging,https://github.com/rsinghlab/pyaging,pip-0.3.1,python-3.13.14,pyaging-0.3.1,predict_age:pcphenoage,pyaging default (per-clock KNN/mean + gold-standard quantile norm)
7786915157_R05C01,PhenoAge,PC,59.74719570747429,years,pyaging,https://github.com/rsinghlab/pyaging,pip-0.3.1,python-3.13.14,pyaging-0.3.1,predict_age:pcphenoage,pyaging default (per-clock KNN/mean + gold-standard quantile norm)
7786915157_R05C02,PhenoAge,PC,45.74818731110777,years,pyaging,https://github.com/rsinghlab/pyaging,pip-0.3.1,python-3.13.14,pyaging-0.3.1,predict_age:pcphenoage,pyaging default (per-clock KNN/mean + gold-standard quantile norm)
7786915157_R06C02,PhenoAge,PC,50.41838316674187,years,pyaging,https://github.com/rsinghlab/pyaging,pip-0.3.1,python-3.13.14,pyaging-0.3.1,predict_age:pcphenoage,pyaging default (per-clock KNN/mean + gold-standard quantile norm)
7512560138_R03C01,PhenoAge,PC,43.40321833385907,years,pyaging,https://github.com/rsinghlab/pyaging,pip-0.3.1,python-3.13.14,pyaging-0.3.1,predict_age:pcphenoage,pyaging default (per-clock KNN/mean + gold-standard quantile norm)
7786915048_R04C01,PhenoAge,PC,59.61911384003897,years,pyaging,https://github.com/rsinghlab/pyaging,pip-0.3.1,python-3.13.14,pyaging-0.3.1,predict_age:pcphenoage,pyaging default (per-clock KNN/mean + gold-standard quantile norm)
7786923077_R04C01,PhenoAge,PC,66.84941443727713,years,pyaging,https://github.com/rsinghlab/pyaging,pip-0.3.1,python-3.13.14,pyaging-0.3.1,predict_age:pcphenoage,pyaging default (per-clock KNN/mean + gold-standard quantile norm)
7512560138_R01C01,PhenoAge,PC,65.43217035726602,years,pyaging,https://github.com/rsinghlab/pyaging,pip-0.3.1,python-3.13.14,pyaging-0.3.1,predict_age:pcphenoage,pyaging default (per-clock KNN/mean + gold-standard quantile norm)
7512560138_R02C01,PhenoAge,PC,52.732536952329596,years,pyaging,https://github.com/rsinghlab/pyaging,pip-0.3.1,python-3.13.14,pyaging-0.3.1,predict_age:pcphenoage,pyaging default (per-clock KNN/mean + gold-standard quantile norm)
7786923035_R01C01,PhenoAge,PC,45.3713722376105,years,pyaging,https://github.com/rsinghlab/pyaging,pip-0.3.1,python-3.13.14,pyaging-0.3.1,predict_age:pcphenoage,pyaging default (per-clock KNN/mean + gold-standard quantile norm)
7512578059_R01C02,PhenoAge,PC,49.00168925210118,years,pyaging,https://github.com/rsinghlab/pyaging,pip-0.3.1,python-3.13.14,pyaging-0.3.1,predict_age:pcphenoage,pyaging default (per-clock KNN/mean + gold-standard quantile norm)
7512578059_R02C02,PhenoAge,PC,45.126232894606666,years,pyaging,https://github.com/rsinghlab/pyaging,pip-0.3.1,python-3.13.14,pyaging-0.3.1,predict_age:pcphenoage,pyaging default (per-clock KNN/mean + gold-standard quantile norm)
7512578059_R03C02,PhenoAge,PC,45.47260500769514,years,pyaging,https://github.com/rsinghlab/pyaging,pip-0.3.1,python-3.13.14,pyaging-0.3.1,predict_age:pcphenoage,pyaging default (per-clock KNN/mean + gold-standard quantile norm)
7512578059_R05C02,PhenoAge,PC,56.22280090938219,years,pyaging,https://github.com/rsinghlab/pyaging,pip-0.3.1,python-3.13.14,pyaging-0.3.1,predict_age:pcphenoage,pyaging default (per-clock KNN/mean + gold-standard quantile norm)
7786915157_R01C02,PhenoAge,PC,46.02440275896252,years,pyaging,https://github.com/rsinghlab/pyaging,pip-0.3.1,python-3.13.14,pyaging-0.3.1,predict_age:pcphenoage,pyaging default (per-clock KNN/mean + gold-standard quantile norm)
7786915047_R02C02,PhenoAge,PC,52.85812217449093,years,pyaging,https://github.com/rsinghlab/pyaging,pip-0.3.1,python-3.13.14,pyaging-0.3.1,predict_age:pcphenoage,pyaging default (per-clock KNN/mean + gold-standard quantile norm)
7786915157_R03C01,PhenoAge,PC,53.1722038956773,years,pyaging,https://github.com/rsinghlab/pyaging,pip-0.3.1,python-3.13.14,pyaging-0.3.1,predict_age:pcphenoage,pyaging default (per-clock KNN/mean + gold-standard quantile norm)
7786915157_R04C01,PhenoAge,PC,41.33456738808343,years,pyaging,https://github.com/rsinghlab/pyaging,pip-0.3.1,python-3.13.14,pyaging-0.3.1,predict_age:pcphenoage,pyaging default (per-clock KNN/mean + gold-standard quantile norm)
7786915157_R04C02,PhenoAge,PC,49.25767233237647,years,pyaging,https://github.com/rsinghlab/pyaging,pip-0.3.1,python-3.13.14,pyaging-0.3.1,predict_age:pcphenoage,pyaging default (per-clock KNN/mean + gold-standard quantile norm)
7786915157_R06C01,PhenoAge,PC,60.31379032526232,years,pyaging,https://github.com/rsinghlab/pyaging,pip-0.3.1,python-3.13.14,pyaging-0.3.1,predict_age:pcphenoage,pyaging default (per-clock KNN/mean + gold-standard quantile norm)
7471147081_R06C01,PhenoAge,PC,50.81080696443808,years,pyaging,https://github.com/rsinghlab/pyaging,pip-0.3.1,python-3.13.14,pyaging-0.3.1,predict_age:pcphenoage,pyaging default (per-clock KNN/mean + gold-standard quantile norm)
7786915035_R05C01,PhenoAge,PC,49.673161688900095,years,pyaging,https://github.com/rsinghlab/pyaging,pip-0.3.1,python-3.13.14,pyaging-0.3.1,predict_age:pcphenoage,pyaging default (per-clock KNN/mean + gold-standard quantile norm)
7512551008_R06C01,PhenoAge,PC,50.28838687880254,years,pyaging,https://github.com/rsinghlab/pyaging,pip-0.3.1,python-3.13.14,pyaging-0.3.1,predict_age:pcphenoage,pyaging default (per-clock KNN/mean + gold-standard quantile norm)
7786915069_R03C01,PhenoAge,PC,62.25195604992226,years,pyaging,https://github.com/rsinghlab/pyaging,pip-0.3.1,python-3.13.14,pyaging-0.3.1,predict_age:pcphenoage,pyaging default (per-clock KNN/mean + gold-standard quantile norm)
7512551008_R05C02,PhenoAge,PC,51.46000525990081,years,pyaging,https://github.com/rsinghlab/pyaging,pip-0.3.1,python-3.13.14,pyaging-0.3.1,predict_age:pcphenoage,pyaging default (per-clock KNN/mean + gold-standard quantile norm)
7471147034_R03C01,GrimAge,original,51.444175980424745,years,pyaging,https://github.com/rsinghlab/pyaging,pip-0.3.1,python-3.13.14,pyaging-0.3.1,predict_age:grimage,pyaging default (per-clock KNN/mean + gold-standard quantile norm)
7471147069_R02C02,GrimAge,original,41.34810005735645,years,pyaging,https://github.com/rsinghlab/pyaging,pip-0.3.1,python-3.13.14,pyaging-0.3.1,predict_age:grimage,pyaging default (per-clock KNN/mean + gold-standard quantile norm)
7471147072_R01C02,GrimAge,original,60.69184599444234,years,pyaging,https://github.com/rsinghlab/pyaging,pip-0.3.1,python-3.13.14,pyaging-0.3.1,predict_age:grimage,pyaging default (per-clock KNN/mean + gold-standard quantile norm)
7471147089_R06C01,GrimAge,original,55.20480410702467,years,pyaging,https://github.com/rsinghlab/pyaging,pip-0.3.1,python-3.13.14,pyaging-0.3.1,predict_age:grimage,pyaging default (per-clock KNN/mean + gold-standard quantile norm)
7471147107_R05C02,GrimAge,original,64.59367724272401,years,pyaging,https://github.com/rsinghlab/pyaging,pip-0.3.1,python-3.13.14,pyaging-0.3.1,predict_age:grimage,pyaging default (per-clock KNN/mean + gold-standard quantile norm)
7471147134_R02C01,GrimAge,original,46.19813293242426,years,pyaging,https://github.com/rsinghlab/pyaging,pip-0.3.1,python-3.13.14,pyaging-0.3.1,predict_age:grimage,pyaging default (per-clock KNN/mean + gold-standard quantile norm)
7471147145_R06C01,GrimAge,original,47.85951262179439,years,pyaging,https://github.com/rsinghlab/pyaging,pip-0.3.1,python-3.13.14,pyaging-0.3.1,predict_age:grimage,pyaging default (per-clock KNN/mean + gold-standard quantile norm)
7471147149_R06C01,GrimAge,original,49.030865337170596,years,pyaging,https://github.com/rsinghlab/pyaging,pip-0.3.1,python-3.13.14,pyaging-0.3.1,predict_age:grimage,pyaging default (per-clock KNN/mean + gold-standard quantile norm)
7507875153_R03C02,GrimAge,original,57.183870373740625,years,pyaging,https://github.com/rsinghlab/pyaging,pip-0.3.1,python-3.13.14,pyaging-0.3.1,predict_age:grimage,pyaging default (per-clock KNN/mean + gold-standard quantile norm)
7507875154_R05C01,GrimAge,original,48.225207660964394,years,pyaging,https://github.com/rsinghlab/pyaging,pip-0.3.1,python-3.13.14,pyaging-0.3.1,predict_age:grimage,pyaging default (per-clock KNN/mean + gold-standard quantile norm)
7512560087_R03C01,GrimAge,original,58.853370463683405,years,pyaging,https://github.com/rsinghlab/pyaging,pip-0.3.1,python-3.13.14,pyaging-0.3.1,predict_age:grimage,pyaging default (per-clock KNN/mean + gold-standard quantile norm)
7786915023_R02C02,GrimAge,original,59.16264240928152,years,pyaging,https://github.com/rsinghlab/pyaging,pip-0.3.1,python-3.13.14,pyaging-0.3.1,predict_age:grimage,pyaging default (per-clock KNN/mean + gold-standard quantile norm)
7786915052_R01C01,GrimAge,original,60.75289888138382,years,pyaging,https://github.com/rsinghlab/pyaging,pip-0.3.1,python-3.13.14,pyaging-0.3.1,predict_age:grimage,pyaging default (per-clock KNN/mean + gold-standard quantile norm)
7786915105_R02C01,GrimAge,original,54.529461278036976,years,pyaging,https://github.com/rsinghlab/pyaging,pip-0.3.1,python-3.13.14,pyaging-0.3.1,predict_age:grimage,pyaging default (per-clock KNN/mean + gold-standard quantile norm)
7786915135_R04C02,GrimAge,original,49.071452579628286,years,pyaging,https://github.com/rsinghlab/pyaging,pip-0.3.1,python-3.13.14,pyaging-0.3.1,predict_age:grimage,pyaging default (per-clock KNN/mean + gold-standard quantile norm)
7786915153_R05C01,GrimAge,original,65.27321805221992,years,pyaging,https://github.com/rsinghlab/pyaging,pip-0.3.1,python-3.13.14,pyaging-0.3.1,predict_age:grimage,pyaging default (per-clock KNN/mean + gold-standard quantile norm)
7786923001_R06C01,GrimAge,original,50.700345294712854,years,pyaging,https://github.com/rsinghlab/pyaging,pip-0.3.1,python-3.13.14,pyaging-0.3.1,predict_age:grimage,pyaging default (per-clock KNN/mean + gold-standard quantile norm)
7786923023_R02C01,GrimAge,original,54.150503527124975,years,pyaging,https://github.com/rsinghlab/pyaging,pip-0.3.1,python-3.13.14,pyaging-0.3.1,predict_age:grimage,pyaging default (per-clock KNN/mean + gold-standard quantile norm)
7786923028_R03C01,GrimAge,original,57.5042993906978,years,pyaging,https://github.com/rsinghlab/pyaging,pip-0.3.1,python-3.13.14,pyaging-0.3.1,predict_age:grimage,pyaging default (per-clock KNN/mean + gold-standard quantile norm)
7786923028_R05C02,GrimAge,original,56.809942387507334,years,pyaging,https://github.com/rsinghlab/pyaging,pip-0.3.1,python-3.13.14,pyaging-0.3.1,predict_age:grimage,pyaging default (per-clock KNN/mean + gold-standard quantile norm)
7786923038_R03C02,GrimAge,original,60.43105416121001,years,pyaging,https://github.com/rsinghlab/pyaging,pip-0.3.1,python-3.13.14,pyaging-0.3.1,predict_age:grimage,pyaging default (per-clock KNN/mean + gold-standard quantile norm)
7786923050_R03C01,GrimAge,original,43.40398716534648,years,pyaging,https://github.com/rsinghlab/pyaging,pip-0.3.1,python-3.13.14,pyaging-0.3.1,predict_age:grimage,pyaging default (per-clock KNN/mean + gold-standard quantile norm)
7786923066_R01C01,GrimAge,original,44.29064990592787,years,pyaging,https://github.com/rsinghlab/pyaging,pip-0.3.1,python-3.13.14,pyaging-0.3.1,predict_age:grimage,pyaging default (per-clock KNN/mean + gold-standard quantile norm)
7786923067_R06C01,GrimAge,original,72.58104696000203,years,pyaging,https://github.com/rsinghlab/pyaging,pip-0.3.1,python-3.13.14,pyaging-0.3.1,predict_age:grimage,pyaging default (per-clock KNN/mean + gold-standard quantile norm)
7796814020_R04C02,GrimAge,original,56.697752051731314,years,pyaging,https://github.com/rsinghlab/pyaging,pip-0.3.1,python-3.13.14,pyaging-0.3.1,predict_age:grimage,pyaging default (per-clock KNN/mean + gold-standard quantile norm)
7512560138_R04C01,GrimAge,original,45.51469006010422,years,pyaging,https://github.com/rsinghlab/pyaging,pip-0.3.1,python-3.13.14,pyaging-0.3.1,predict_age:grimage,pyaging default (per-clock KNN/mean + gold-standard quantile norm)
7512560138_R05C01,GrimAge,original,55.265932714723256,years,pyaging,https://github.com/rsinghlab/pyaging,pip-0.3.1,python-3.13.14,pyaging-0.3.1,predict_age:grimage,pyaging default (per-clock KNN/mean + gold-standard quantile norm)
7512560138_R06C01,GrimAge,original,72.73698092987125,years,pyaging,https://github.com/rsinghlab/pyaging,pip-0.3.1,python-3.13.14,pyaging-0.3.1,predict_age:grimage,pyaging default (per-clock KNN/mean + gold-standard quantile norm)
7786915116_R06C02,GrimAge,original,53.44272068938688,years,pyaging,https://github.com/rsinghlab/pyaging,pip-0.3.1,python-3.13.14,pyaging-0.3.1,predict_age:grimage,pyaging default (per-clock KNN/mean + gold-standard quantile norm)
7471147022_R02C02,GrimAge,original,62.49624728693054,years,pyaging,https://github.com/rsinghlab/pyaging,pip-0.3.1,python-3.13.14,pyaging-0.3.1,predict_age:grimage,pyaging default (per-clock KNN/mean + gold-standard quantile norm)
7786915075_R05C01,GrimAge,original,75.5286377397685,years,pyaging,https://github.com/rsinghlab/pyaging,pip-0.3.1,python-3.13.14,pyaging-0.3.1,predict_age:grimage,pyaging default (per-clock KNN/mean + gold-standard quantile norm)
7512551008_R01C01,GrimAge,original,50.62617128305905,years,pyaging,https://github.com/rsinghlab/pyaging,pip-0.3.1,python-3.13.14,pyaging-0.3.1,predict_age:grimage,pyaging default (per-clock KNN/mean + gold-standard quantile norm)
7512551008_R01C02,GrimAge,original,57.75348026076324,years,pyaging,https://github.com/rsinghlab/pyaging,pip-0.3.1,python-3.13.14,pyaging-0.3.1,predict_age:grimage,pyaging default (per-clock KNN/mean + gold-standard quantile norm)
7512551008_R02C01,GrimAge,original,58.85494224891573,years,pyaging,https://github.com/rsinghlab/pyaging,pip-0.3.1,python-3.13.14,pyaging-0.3.1,predict_age:grimage,pyaging default (per-clock KNN/mean + gold-standard quantile norm)
7512551008_R02C02,GrimAge,original,59.15434332128823,years,pyaging,https://github.com/rsinghlab/pyaging,pip-0.3.1,python-3.13.14,pyaging-0.3.1,predict_age:grimage,pyaging default (per-clock KNN/mean + gold-standard quantile norm)
7512551008_R03C01,GrimAge,original,54.07463880028783,years,pyaging,https://github.com/rsinghlab/pyaging,pip-0.3.1,python-3.13.14,pyaging-0.3.1,predict_age:grimage,pyaging default (per-clock KNN/mean + gold-standard quantile norm)
7512551008_R03C02,GrimAge,original,60.80120612436309,years,pyaging,https://github.com/rsinghlab/pyaging,pip-0.3.1,python-3.13.14,pyaging-0.3.1,predict_age:grimage,pyaging default (per-clock KNN/mean + gold-standard quantile norm)
7512551008_R04C01,GrimAge,original,47.24280184312054,years,pyaging,https://github.com/rsinghlab/pyaging,pip-0.3.1,python-3.13.14,pyaging-0.3.1,predict_age:grimage,pyaging default (per-clock KNN/mean + gold-standard quantile norm)
7512551008_R04C02,GrimAge,original,68.445556190468,years,pyaging,https://github.com/rsinghlab/pyaging,pip-0.3.1,python-3.13.14,pyaging-0.3.1,predict_age:grimage,pyaging default (per-clock KNN/mean + gold-standard quantile norm)
7512551008_R05C01,GrimAge,original,77.94124094041766,years,pyaging,https://github.com/rsinghlab/pyaging,pip-0.3.1,python-3.13.14,pyaging-0.3.1,predict_age:grimage,pyaging default (per-clock KNN/mean + gold-standard quantile norm)
7512551008_R06C02,GrimAge,original,51.651477248124934,years,pyaging,https://github.com/rsinghlab/pyaging,pip-0.3.1,python-3.13.14,pyaging-0.3.1,predict_age:grimage,pyaging default (per-clock KNN/mean + gold-standard quantile norm)
7512578059_R04C02,GrimAge,original,60.68346946249743,years,pyaging,https://github.com/rsinghlab/pyaging,pip-0.3.1,python-3.13.14,pyaging-0.3.1,predict_age:grimage,pyaging default (per-clock KNN/mean + gold-standard quantile norm)
7512578059_R06C02,GrimAge,original,43.75817329098817,years,pyaging,https://github.com/rsinghlab/pyaging,pip-0.3.1,python-3.13.14,pyaging-0.3.1,predict_age:grimage,pyaging default (per-clock KNN/mean + gold-standard quantile norm)
7786915157_R01C01,GrimAge,original,58.87482321915461,years,pyaging,https://github.com/rsinghlab/pyaging,pip-0.3.1,python-3.13.14,pyaging-0.3.1,predict_age:grimage,pyaging default (per-clock KNN/mean + gold-standard quantile norm)
7786915157_R02C01,GrimAge,original,64.12258289444141,years,pyaging,https://github.com/rsinghlab/pyaging,pip-0.3.1,python-3.13.14,pyaging-0.3.1,predict_age:grimage,pyaging default (per-clock KNN/mean + gold-standard quantile norm)
7786915157_R02C02,GrimAge,original,58.32568873339603,years,pyaging,https://github.com/rsinghlab/pyaging,pip-0.3.1,python-3.13.14,pyaging-0.3.1,predict_age:grimage,pyaging default (per-clock KNN/mean + gold-standard quantile norm)
7786915157_R03C02,GrimAge,original,43.13705736875738,years,pyaging,https://github.com/rsinghlab/pyaging,pip-0.3.1,python-3.13.14,pyaging-0.3.1,predict_age:grimage,pyaging default (per-clock KNN/mean + gold-standard quantile norm)
7471147067_R02C02,GrimAge,original,50.55764061620001,years,pyaging,https://github.com/rsinghlab/pyaging,pip-0.3.1,python-3.13.14,pyaging-0.3.1,predict_age:grimage,pyaging default (per-clock KNN/mean + gold-standard quantile norm)
7786915157_R05C01,GrimAge,original,62.58785165309552,years,pyaging,https://github.com/rsinghlab/pyaging,pip-0.3.1,python-3.13.14,pyaging-0.3.1,predict_age:grimage,pyaging default (per-clock KNN/mean + gold-standard quantile norm)
7786915157_R05C02,GrimAge,original,46.853249730827805,years,pyaging,https://github.com/rsinghlab/pyaging,pip-0.3.1,python-3.13.14,pyaging-0.3.1,predict_age:grimage,pyaging default (per-clock KNN/mean + gold-standard quantile norm)
7786915157_R06C02,GrimAge,original,51.1746496125893,years,pyaging,https://github.com/rsinghlab/pyaging,pip-0.3.1,python-3.13.14,pyaging-0.3.1,predict_age:grimage,pyaging default (per-clock KNN/mean + gold-standard quantile norm)
7512560138_R03C01,GrimAge,original,49.60914646201528,years,pyaging,https://github.com/rsinghlab/pyaging,pip-0.3.1,python-3.13.14,pyaging-0.3.1,predict_age:grimage,pyaging default (per-clock KNN/mean + gold-standard quantile norm)
7786915048_R04C01,GrimAge,original,61.64442741952903,years,pyaging,https://github.com/rsinghlab/pyaging,pip-0.3.1,python-3.13.14,pyaging-0.3.1,predict_age:grimage,pyaging default (per-clock KNN/mean + gold-standard quantile norm)
7786923077_R04C01,GrimAge,original,68.71995116927964,years,pyaging,https://github.com/rsinghlab/pyaging,pip-0.3.1,python-3.13.14,pyaging-0.3.1,predict_age:grimage,pyaging default (per-clock KNN/mean + gold-standard quantile norm)
7512560138_R01C01,GrimAge,original,73.24354746373709,years,pyaging,https://github.com/rsinghlab/pyaging,pip-0.3.1,python-3.13.14,pyaging-0.3.1,predict_age:grimage,pyaging default (per-clock KNN/mean + gold-standard quantile norm)
7512560138_R02C01,GrimAge,original,51.66477618413722,years,pyaging,https://github.com/rsinghlab/pyaging,pip-0.3.1,python-3.13.14,pyaging-0.3.1,predict_age:grimage,pyaging default (per-clock KNN/mean + gold-standard quantile norm)
7786923035_R01C01,GrimAge,original,58.389165411279514,years,pyaging,https://github.com/rsinghlab/pyaging,pip-0.3.1,python-3.13.14,pyaging-0.3.1,predict_age:grimage,pyaging default (per-clock KNN/mean + gold-standard quantile norm)
7512578059_R01C02,GrimAge,original,54.78467041211414,years,pyaging,https://github.com/rsinghlab/pyaging,pip-0.3.1,python-3.13.14,pyaging-0.3.1,predict_age:grimage,pyaging default (per-clock KNN/mean + gold-standard quantile norm)
7512578059_R02C02,GrimAge,original,51.16939836629754,years,pyaging,https://github.com/rsinghlab/pyaging,pip-0.3.1,python-3.13.14,pyaging-0.3.1,predict_age:grimage,pyaging default (per-clock KNN/mean + gold-standard quantile norm)
7512578059_R03C02,GrimAge,original,60.74175377614921,years,pyaging,https://github.com/rsinghlab/pyaging,pip-0.3.1,python-3.13.14,pyaging-0.3.1,predict_age:grimage,pyaging default (per-clock KNN/mean + gold-standard quantile norm)
7512578059_R05C02,GrimAge,original,56.40858503213718,years,pyaging,https://github.com/rsinghlab/pyaging,pip-0.3.1,python-3.13.14,pyaging-0.3.1,predict_age:grimage,pyaging default (per-clock KNN/mean + gold-standard quantile norm)
7786915157_R01C02,GrimAge,original,47.932750070962285,years,pyaging,https://github.com/rsinghlab/pyaging,pip-0.3.1,python-3.13.14,pyaging-0.3.1,predict_age:grimage,pyaging default (per-clock KNN/mean + gold-standard quantile norm)
7786915047_R02C02,GrimAge,original,57.88450813002201,years,pyaging,https://github.com/rsinghlab/pyaging,pip-0.3.1,python-3.13.14,pyaging-0.3.1,predict_age:grimage,pyaging default (per-clock KNN/mean + gold-standard quantile norm)
7786915157_R03C01,GrimAge,original,59.58690612373121,years,pyaging,https://github.com/rsinghlab/pyaging,pip-0.3.1,python-3.13.14,pyaging-0.3.1,predict_age:grimage,pyaging default (per-clock KNN/mean + gold-standard quantile norm)
7786915157_R04C01,GrimAge,original,42.925137194775765,years,pyaging,https://github.com/rsinghlab/pyaging,pip-0.3.1,python-3.13.14,pyaging-0.3.1,predict_age:grimage,pyaging default (per-clock KNN/mean + gold-standard quantile norm)
7786915157_R04C02,GrimAge,original,62.1866215201669,years,pyaging,https://github.com/rsinghlab/pyaging,pip-0.3.1,python-3.13.14,pyaging-0.3.1,predict_age:grimage,pyaging default (per-clock KNN/mean + gold-standard quantile norm)
7786915157_R06C01,GrimAge,original,64.34577902380953,years,pyaging,https://github.com/rsinghlab/pyaging,pip-0.3.1,python-3.13.14,pyaging-0.3.1,predict_age:grimage,pyaging default (per-clock KNN/mean + gold-standard quantile norm)
7471147081_R06C01,GrimAge,original,48.16261698549429,years,pyaging,https://github.com/rsinghlab/pyaging,pip-0.3.1,python-3.13.14,pyaging-0.3.1,predict_age:grimage,pyaging default (per-clock KNN/mean + gold-standard quantile norm)
7786915035_R05C01,GrimAge,original,54.221587443362424,years,pyaging,https://github.com/rsinghlab/pyaging,pip-0.3.1,python-3.13.14,pyaging-0.3.1,predict_age:grimage,pyaging default (per-clock KNN/mean + gold-standard quantile norm)
7512551008_R06C01,GrimAge,original,57.64360813309177,years,pyaging,https://github.com/rsinghlab/pyaging,pip-0.3.1,python-3.13.14,pyaging-0.3.1,predict_age:grimage,pyaging default (per-clock KNN/mean + gold-standard quantile norm)
7786915069_R03C01,GrimAge,original,76.92972227820977,years,pyaging,https://github.com/rsinghlab/pyaging,pip-0.3.1,python-3.13.14,pyaging-0.3.1,predict_age:grimage,pyaging default (per-clock KNN/mean + gold-standard quantile norm)
7512551008_R05C02,GrimAge,original,59.09211721533091,years,pyaging,https://github.com/rsinghlab/pyaging,pip-0.3.1,python-3.13.14,pyaging-0.3.1,predict_age:grimage,pyaging default (per-clock KNN/mean + gold-standard quantile norm)
7471147034_R03C01,GrimAge,PC,60.37802781698342,years,pyaging,https://github.com/rsinghlab/pyaging,pip-0.3.1,python-3.13.14,pyaging-0.3.1,predict_age:pcgrimage,pyaging default (per-clock KNN/mean + gold-standard quantile norm)
7471147069_R02C02,GrimAge,PC,52.03042721971474,years,pyaging,https://github.com/rsinghlab/pyaging,pip-0.3.1,python-3.13.14,pyaging-0.3.1,predict_age:pcgrimage,pyaging default (per-clock KNN/mean + gold-standard quantile norm)
7471147072_R01C02,GrimAge,PC,67.29132833076281,years,pyaging,https://github.com/rsinghlab/pyaging,pip-0.3.1,python-3.13.14,pyaging-0.3.1,predict_age:pcgrimage,pyaging default (per-clock KNN/mean + gold-standard quantile norm)
7471147089_R06C01,GrimAge,PC,64.65767874004422,years,pyaging,https://github.com/rsinghlab/pyaging,pip-0.3.1,python-3.13.14,pyaging-0.3.1,predict_age:pcgrimage,pyaging default (per-clock KNN/mean + gold-standard quantile norm)
7471147107_R05C02,GrimAge,PC,73.69032932796992,years,pyaging,https://github.com/rsinghlab/pyaging,pip-0.3.1,python-3.13.14,pyaging-0.3.1,predict_age:pcgrimage,pyaging default (per-clock KNN/mean + gold-standard quantile norm)
7471147134_R02C01,GrimAge,PC,56.32544413082671,years,pyaging,https://github.com/rsinghlab/pyaging,pip-0.3.1,python-3.13.14,pyaging-0.3.1,predict_age:pcgrimage,pyaging default (per-clock KNN/mean + gold-standard quantile norm)
7471147145_R06C01,GrimAge,PC,58.474238184756985,years,pyaging,https://github.com/rsinghlab/pyaging,pip-0.3.1,python-3.13.14,pyaging-0.3.1,predict_age:pcgrimage,pyaging default (per-clock KNN/mean + gold-standard quantile norm)
7471147149_R06C01,GrimAge,PC,58.34687001903593,years,pyaging,https://github.com/rsinghlab/pyaging,pip-0.3.1,python-3.13.14,pyaging-0.3.1,predict_age:pcgrimage,pyaging default (per-clock KNN/mean + gold-standard quantile norm)
7507875153_R03C02,GrimAge,PC,68.58172088170886,years,pyaging,https://github.com/rsinghlab/pyaging,pip-0.3.1,python-3.13.14,pyaging-0.3.1,predict_age:pcgrimage,pyaging default (per-clock KNN/mean + gold-standard quantile norm)
7507875154_R05C01,GrimAge,PC,57.17990659749847,years,pyaging,https://github.com/rsinghlab/pyaging,pip-0.3.1,python-3.13.14,pyaging-0.3.1,predict_age:pcgrimage,pyaging default (per-clock KNN/mean + gold-standard quantile norm)
7512560087_R03C01,GrimAge,PC,70.86015094740418,years,pyaging,https://github.com/rsinghlab/pyaging,pip-0.3.1,python-3.13.14,pyaging-0.3.1,predict_age:pcgrimage,pyaging default (per-clock KNN/mean + gold-standard quantile norm)
7786915023_R02C02,GrimAge,PC,68.25945209074837,years,pyaging,https://github.com/rsinghlab/pyaging,pip-0.3.1,python-3.13.14,pyaging-0.3.1,predict_age:pcgrimage,pyaging default (per-clock KNN/mean + gold-standard quantile norm)
7786915052_R01C01,GrimAge,PC,68.27668842647927,years,pyaging,https://github.com/rsinghlab/pyaging,pip-0.3.1,python-3.13.14,pyaging-0.3.1,predict_age:pcgrimage,pyaging default (per-clock KNN/mean + gold-standard quantile norm)
7786915105_R02C01,GrimAge,PC,64.20697904633687,years,pyaging,https://github.com/rsinghlab/pyaging,pip-0.3.1,python-3.13.14,pyaging-0.3.1,predict_age:pcgrimage,pyaging default (per-clock KNN/mean + gold-standard quantile norm)
7786915135_R04C02,GrimAge,PC,58.93788959858327,years,pyaging,https://github.com/rsinghlab/pyaging,pip-0.3.1,python-3.13.14,pyaging-0.3.1,predict_age:pcgrimage,pyaging default (per-clock KNN/mean + gold-standard quantile norm)
7786915153_R05C01,GrimAge,PC,74.90730818634171,years,pyaging,https://github.com/rsinghlab/pyaging,pip-0.3.1,python-3.13.14,pyaging-0.3.1,predict_age:pcgrimage,pyaging default (per-clock KNN/mean + gold-standard quantile norm)
7786923001_R06C01,GrimAge,PC,62.841616445503576,years,pyaging,https://github.com/rsinghlab/pyaging,pip-0.3.1,python-3.13.14,pyaging-0.3.1,predict_age:pcgrimage,pyaging default (per-clock KNN/mean + gold-standard quantile norm)
7786923023_R02C01,GrimAge,PC,64.26096101488204,years,pyaging,https://github.com/rsinghlab/pyaging,pip-0.3.1,python-3.13.14,pyaging-0.3.1,predict_age:pcgrimage,pyaging default (per-clock KNN/mean + gold-standard quantile norm)
7786923028_R03C01,GrimAge,PC,65.06070244847635,years,pyaging,https://github.com/rsinghlab/pyaging,pip-0.3.1,python-3.13.14,pyaging-0.3.1,predict_age:pcgrimage,pyaging default (per-clock KNN/mean + gold-standard quantile norm)
7786923028_R05C02,GrimAge,PC,66.50063225066151,years,pyaging,https://github.com/rsinghlab/pyaging,pip-0.3.1,python-3.13.14,pyaging-0.3.1,predict_age:pcgrimage,pyaging default (per-clock KNN/mean + gold-standard quantile norm)
7786923038_R03C02,GrimAge,PC,67.85621977267226,years,pyaging,https://github.com/rsinghlab/pyaging,pip-0.3.1,python-3.13.14,pyaging-0.3.1,predict_age:pcgrimage,pyaging default (per-clock KNN/mean + gold-standard quantile norm)
7786923050_R03C01,GrimAge,PC,55.09367614274197,years,pyaging,https://github.com/rsinghlab/pyaging,pip-0.3.1,python-3.13.14,pyaging-0.3.1,predict_age:pcgrimage,pyaging default (per-clock KNN/mean + gold-standard quantile norm)
7786923066_R01C01,GrimAge,PC,53.202821671307106,years,pyaging,https://github.com/rsinghlab/pyaging,pip-0.3.1,python-3.13.14,pyaging-0.3.1,predict_age:pcgrimage,pyaging default (per-clock KNN/mean + gold-standard quantile norm)
7786923067_R06C01,GrimAge,PC,79.85454128603001,years,pyaging,https://github.com/rsinghlab/pyaging,pip-0.3.1,python-3.13.14,pyaging-0.3.1,predict_age:pcgrimage,pyaging default (per-clock KNN/mean + gold-standard quantile norm)
7796814020_R04C02,GrimAge,PC,68.73388148314524,years,pyaging,https://github.com/rsinghlab/pyaging,pip-0.3.1,python-3.13.14,pyaging-0.3.1,predict_age:pcgrimage,pyaging default (per-clock KNN/mean + gold-standard quantile norm)
7512560138_R04C01,GrimAge,PC,55.66779188570628,years,pyaging,https://github.com/rsinghlab/pyaging,pip-0.3.1,python-3.13.14,pyaging-0.3.1,predict_age:pcgrimage,pyaging default (per-clock KNN/mean + gold-standard quantile norm)
7512560138_R05C01,GrimAge,PC,64.42830510703055,years,pyaging,https://github.com/rsinghlab/pyaging,pip-0.3.1,python-3.13.14,pyaging-0.3.1,predict_age:pcgrimage,pyaging default (per-clock KNN/mean + gold-standard quantile norm)
7512560138_R06C01,GrimAge,PC,80.06854364787995,years,pyaging,https://github.com/rsinghlab/pyaging,pip-0.3.1,python-3.13.14,pyaging-0.3.1,predict_age:pcgrimage,pyaging default (per-clock KNN/mean + gold-standard quantile norm)
7786915116_R06C02,GrimAge,PC,61.58214653531985,years,pyaging,https://github.com/rsinghlab/pyaging,pip-0.3.1,python-3.13.14,pyaging-0.3.1,predict_age:pcgrimage,pyaging default (per-clock KNN/mean + gold-standard quantile norm)
7471147022_R02C02,GrimAge,PC,69.46092720159368,years,pyaging,https://github.com/rsinghlab/pyaging,pip-0.3.1,python-3.13.14,pyaging-0.3.1,predict_age:pcgrimage,pyaging default (per-clock KNN/mean + gold-standard quantile norm)
7786915075_R05C01,GrimAge,PC,81.89372876106228,years,pyaging,https://github.com/rsinghlab/pyaging,pip-0.3.1,python-3.13.14,pyaging-0.3.1,predict_age:pcgrimage,pyaging default (per-clock KNN/mean + gold-standard quantile norm)
7512551008_R01C01,GrimAge,PC,58.38092783986738,years,pyaging,https://github.com/rsinghlab/pyaging,pip-0.3.1,python-3.13.14,pyaging-0.3.1,predict_age:pcgrimage,pyaging default (per-clock KNN/mean + gold-standard quantile norm)
7512551008_R01C02,GrimAge,PC,67.85402345392805,years,pyaging,https://github.com/rsinghlab/pyaging,pip-0.3.1,python-3.13.14,pyaging-0.3.1,predict_age:pcgrimage,pyaging default (per-clock KNN/mean + gold-standard quantile norm)
7512551008_R02C01,GrimAge,PC,68.93453511346468,years,pyaging,https://github.com/rsinghlab/pyaging,pip-0.3.1,python-3.13.14,pyaging-0.3.1,predict_age:pcgrimage,pyaging default (per-clock KNN/mean + gold-standard quantile norm)
7512551008_R02C02,GrimAge,PC,69.01457551297355,years,pyaging,https://github.com/rsinghlab/pyaging,pip-0.3.1,python-3.13.14,pyaging-0.3.1,predict_age:pcgrimage,pyaging default (per-clock KNN/mean + gold-standard quantile norm)
7512551008_R03C01,GrimAge,PC,64.59018241107012,years,pyaging,https://github.com/rsinghlab/pyaging,pip-0.3.1,python-3.13.14,pyaging-0.3.1,predict_age:pcgrimage,pyaging default (per-clock KNN/mean + gold-standard quantile norm)
7512551008_R03C02,GrimAge,PC,66.94572108395187,years,pyaging,https://github.com/rsinghlab/pyaging,pip-0.3.1,python-3.13.14,pyaging-0.3.1,predict_age:pcgrimage,pyaging default (per-clock KNN/mean + gold-standard quantile norm)
7512551008_R04C01,GrimAge,PC,55.93694378447958,years,pyaging,https://github.com/rsinghlab/pyaging,pip-0.3.1,python-3.13.14,pyaging-0.3.1,predict_age:pcgrimage,pyaging default (per-clock KNN/mean + gold-standard quantile norm)
7512551008_R04C02,GrimAge,PC,80.3856736197302,years,pyaging,https://github.com/rsinghlab/pyaging,pip-0.3.1,python-3.13.14,pyaging-0.3.1,predict_age:pcgrimage,pyaging default (per-clock KNN/mean + gold-standard quantile norm)
7512551008_R05C01,GrimAge,PC,81.315003095365,years,pyaging,https://github.com/rsinghlab/pyaging,pip-0.3.1,python-3.13.14,pyaging-0.3.1,predict_age:pcgrimage,pyaging default (per-clock KNN/mean + gold-standard quantile norm)
7512551008_R06C02,GrimAge,PC,64.05331029611227,years,pyaging,https://github.com/rsinghlab/pyaging,pip-0.3.1,python-3.13.14,pyaging-0.3.1,predict_age:pcgrimage,pyaging default (per-clock KNN/mean + gold-standard quantile norm)
7512578059_R04C02,GrimAge,PC,68.2192686854618,years,pyaging,https://github.com/rsinghlab/pyaging,pip-0.3.1,python-3.13.14,pyaging-0.3.1,predict_age:pcgrimage,pyaging default (per-clock KNN/mean + gold-standard quantile norm)
7512578059_R06C02,GrimAge,PC,53.997384577381325,years,pyaging,https://github.com/rsinghlab/pyaging,pip-0.3.1,python-3.13.14,pyaging-0.3.1,predict_age:pcgrimage,pyaging default (per-clock KNN/mean + gold-standard quantile norm)
7786915157_R01C01,GrimAge,PC,70.72523456862913,years,pyaging,https://github.com/rsinghlab/pyaging,pip-0.3.1,python-3.13.14,pyaging-0.3.1,predict_age:pcgrimage,pyaging default (per-clock KNN/mean + gold-standard quantile norm)
7786915157_R02C01,GrimAge,PC,74.94975653253186,years,pyaging,https://github.com/rsinghlab/pyaging,pip-0.3.1,python-3.13.14,pyaging-0.3.1,predict_age:pcgrimage,pyaging default (per-clock KNN/mean + gold-standard quantile norm)
7786915157_R02C02,GrimAge,PC,67.8076720536765,years,pyaging,https://github.com/rsinghlab/pyaging,pip-0.3.1,python-3.13.14,pyaging-0.3.1,predict_age:pcgrimage,pyaging default (per-clock KNN/mean + gold-standard quantile norm)
7786915157_R03C02,GrimAge,PC,51.89273734532742,years,pyaging,https://github.com/rsinghlab/pyaging,pip-0.3.1,python-3.13.14,pyaging-0.3.1,predict_age:pcgrimage,pyaging default (per-clock KNN/mean + gold-standard quantile norm)
7471147067_R02C02,GrimAge,PC,63.5065184117327,years,pyaging,https://github.com/rsinghlab/pyaging,pip-0.3.1,python-3.13.14,pyaging-0.3.1,predict_age:pcgrimage,pyaging default (per-clock KNN/mean + gold-standard quantile norm)
7786915157_R05C01,GrimAge,PC,73.00836380383512,years,pyaging,https://github.com/rsinghlab/pyaging,pip-0.3.1,python-3.13.14,pyaging-0.3.1,predict_age:pcgrimage,pyaging default (per-clock KNN/mean + gold-standard quantile norm)
7786915157_R05C02,GrimAge,PC,57.21665619925869,years,pyaging,https://github.com/rsinghlab/pyaging,pip-0.3.1,python-3.13.14,pyaging-0.3.1,predict_age:pcgrimage,pyaging default (per-clock KNN/mean + gold-standard quantile norm)
7786915157_R06C02,GrimAge,PC,61.341715209918874,years,pyaging,https://github.com/rsinghlab/pyaging,pip-0.3.1,python-3.13.14,pyaging-0.3.1,predict_age:pcgrimage,pyaging default (per-clock KNN/mean + gold-standard quantile norm)
7512560138_R03C01,GrimAge,PC,59.8537883870938,years,pyaging,https://github.com/rsinghlab/pyaging,pip-0.3.1,python-3.13.14,pyaging-0.3.1,predict_age:pcgrimage,pyaging default (per-clock KNN/mean + gold-standard quantile norm)
7786915048_R04C01,GrimAge,PC,72.80853413139951,years,pyaging,https://github.com/rsinghlab/pyaging,pip-0.3.1,python-3.13.14,pyaging-0.3.1,predict_age:pcgrimage,pyaging default (per-clock KNN/mean + gold-standard quantile norm)
7786923077_R04C01,GrimAge,PC,79.69022288276929,years,pyaging,https://github.com/rsinghlab/pyaging,pip-0.3.1,python-3.13.14,pyaging-0.3.1,predict_age:pcgrimage,pyaging default (per-clock KNN/mean + gold-standard quantile norm)
7512560138_R01C01,GrimAge,PC,82.35387169505452,years,pyaging,https://github.com/rsinghlab/pyaging,pip-0.3.1,python-3.13.14,pyaging-0.3.1,predict_age:pcgrimage,pyaging default (per-clock KNN/mean + gold-standard quantile norm)
7512560138_R02C01,GrimAge,PC,62.87639812283493,years,pyaging,https://github.com/rsinghlab/pyaging,pip-0.3.1,python-3.13.14,pyaging-0.3.1,predict_age:pcgrimage,pyaging default (per-clock KNN/mean + gold-standard quantile norm)
7786923035_R01C01,GrimAge,PC,65.24422447756936,years,pyaging,https://github.com/rsinghlab/pyaging,pip-0.3.1,python-3.13.14,pyaging-0.3.1,predict_age:pcgrimage,pyaging default (per-clock KNN/mean + gold-standard quantile norm)
7512578059_R01C02,GrimAge,PC,63.63731833884461,years,pyaging,https://github.com/rsinghlab/pyaging,pip-0.3.1,python-3.13.14,pyaging-0.3.1,predict_age:pcgrimage,pyaging default (per-clock KNN/mean + gold-standard quantile norm)
7512578059_R02C02,GrimAge,PC,61.818768586998175,years,pyaging,https://github.com/rsinghlab/pyaging,pip-0.3.1,python-3.13.14,pyaging-0.3.1,predict_age:pcgrimage,pyaging default (per-clock KNN/mean + gold-standard quantile norm)
7512578059_R03C02,GrimAge,PC,66.53011732256013,years,pyaging,https://github.com/rsinghlab/pyaging,pip-0.3.1,python-3.13.14,pyaging-0.3.1,predict_age:pcgrimage,pyaging default (per-clock KNN/mean + gold-standard quantile norm)
7512578059_R05C02,GrimAge,PC,65.24217208850962,years,pyaging,https://github.com/rsinghlab/pyaging,pip-0.3.1,python-3.13.14,pyaging-0.3.1,predict_age:pcgrimage,pyaging default (per-clock KNN/mean + gold-standard quantile norm)
7786915157_R01C02,GrimAge,PC,58.372280932698885,years,pyaging,https://github.com/rsinghlab/pyaging,pip-0.3.1,python-3.13.14,pyaging-0.3.1,predict_age:pcgrimage,pyaging default (per-clock KNN/mean + gold-standard quantile norm)
7786915047_R02C02,GrimAge,PC,71.17178163085345,years,pyaging,https://github.com/rsinghlab/pyaging,pip-0.3.1,python-3.13.14,pyaging-0.3.1,predict_age:pcgrimage,pyaging default (per-clock KNN/mean + gold-standard quantile norm)
7786915157_R03C01,GrimAge,PC,70.93595681428971,years,pyaging,https://github.com/rsinghlab/pyaging,pip-0.3.1,python-3.13.14,pyaging-0.3.1,predict_age:pcgrimage,pyaging default (per-clock KNN/mean + gold-standard quantile norm)
7786915157_R04C01,GrimAge,PC,55.267302613688955,years,pyaging,https://github.com/rsinghlab/pyaging,pip-0.3.1,python-3.13.14,pyaging-0.3.1,predict_age:pcgrimage,pyaging default (per-clock KNN/mean + gold-standard quantile norm)
7786915157_R04C02,GrimAge,PC,69.83041634156376,years,pyaging,https://github.com/rsinghlab/pyaging,pip-0.3.1,python-3.13.14,pyaging-0.3.1,predict_age:pcgrimage,pyaging default (per-clock KNN/mean + gold-standard quantile norm)
7786915157_R06C01,GrimAge,PC,73.35693743895587,years,pyaging,https://github.com/rsinghlab/pyaging,pip-0.3.1,python-3.13.14,pyaging-0.3.1,predict_age:pcgrimage,pyaging default (per-clock KNN/mean + gold-standard quantile norm)
7471147081_R06C01,GrimAge,PC,55.989776467501514,years,pyaging,https://github.com/rsinghlab/pyaging,pip-0.3.1,python-3.13.14,pyaging-0.3.1,predict_age:pcgrimage,pyaging default (per-clock KNN/mean + gold-standard quantile norm)
7786915035_R05C01,GrimAge,PC,63.727858808145655,years,pyaging,https://github.com/rsinghlab/pyaging,pip-0.3.1,python-3.13.14,pyaging-0.3.1,predict_age:pcgrimage,pyaging default (per-clock KNN/mean + gold-standard quantile norm)
7512551008_R06C01,GrimAge,PC,66.95546224202957,years,pyaging,https://github.com/rsinghlab/pyaging,pip-0.3.1,python-3.13.14,pyaging-0.3.1,predict_age:pcgrimage,pyaging default (per-clock KNN/mean + gold-standard quantile norm)
7786915069_R03C01,GrimAge,PC,81.1548153982198,years,pyaging,https://github.com/rsinghlab/pyaging,pip-0.3.1,python-3.13.14,pyaging-0.3.1,predict_age:pcgrimage,pyaging default (per-clock KNN/mean + gold-standard quantile norm)
7512551008_R05C02,GrimAge,PC,65.72982108960971,years,pyaging,https://github.com/rsinghlab/pyaging,pip-0.3.1,python-3.13.14,pyaging-0.3.1,predict_age:pcgrimage,pyaging default (per-clock KNN/mean + gold-standard quantile norm)
